Started by user BabelFish
 > git rev-parse --resolve-git-dir /var/lib/jenkins/caches/git-c1559bf58a61e26acd515fdc79d8d0a5/.git # timeout=10
Setting origin to https://github.ibm.com/InformationServer/Foundation.git
 > git config remote.origin.url https://github.ibm.com/InformationServer/Foundation.git # timeout=10
Fetching origin...
Fetching upstream changes from origin
 > git --version # timeout=10
 > git --version # 'git version 2.43.7'
 > git config --get remote.origin.url # timeout=10
using GIT_ASKPASS to set credentials BableFish GitHub API Token
 > git fetch --no-tags --force --progress -- origin +refs/heads/*:refs/remotes/origin/* # timeout=10
Seen branch in repository origin/BVT
Seen branch in repository origin/Ironwood
Seen branch in repository origin/REQUEST
Seen branch in repository origin/Sequoia
Seen branch in repository origin/Staging
Seen branch in repository origin/Test
Seen branch in repository origin/adding-precommit
Seen branch in repository origin/chore/auto-fetch-build-id
Seen branch in repository origin/chore/enhance-build-name
Seen branch in repository origin/cx-iam-dynamic-roles
Seen branch in repository origin/develop
Seen branch in repository origin/feature/add-display-name2components
Seen branch in repository origin/lrj_dfu
Seen branch in repository origin/master
Seen branch in repository origin/new_framework_wkc_bvt
Seen branch in repository origin/refactor-db2-groovy
Seen branch in repository origin/removing-secrets
Seen branch in repository origin/sanity
Seen branch in repository origin/save_junit_testrail
Seen branch in repository origin/tekton
Seen branch in repository origin/tekton_url
Seen branch in repository origin/whitesource/configure
Seen 22 remote branches
Obtained Foundation.groovy from 28a78aa65b207ed60c422f3902e38f6c3dd790da
Loading library notifySlack@master
Attempting to resolve master from remote references...
 > git --version # timeout=10
 > git --version # 'git version 2.43.7'
using GIT_ASKPASS to set credentials BableFish GitHub API Token
 > git ls-remote -h -- https://github.ibm.com/InformationServer/JenkinsSharedLibrary.git # timeout=10
Found match: refs/heads/master revision be4ed162b8681ed609b456fb60f77fa91e0340f7
The recommended git tool is: NONE
using credential bff_github_api_token
 > git rev-parse --resolve-git-dir /var/lib/jenkins/workspace/Regression_Ironwood@libs/7b8d8e960c4544a4f7faa11aa05da4d4d5ebafdcb2988333df4a93b04a631a7e/.git # timeout=10
Fetching changes from the remote Git repository
 > git config remote.origin.url https://github.ibm.com/InformationServer/JenkinsSharedLibrary.git # timeout=10
Fetching without tags
Fetching upstream changes from https://github.ibm.com/InformationServer/JenkinsSharedLibrary.git
 > git --version # timeout=10
 > git --version # 'git version 2.43.7'
using GIT_ASKPASS to set credentials BableFish GitHub API Token
 > git fetch --no-tags --force --progress -- https://github.ibm.com/InformationServer/JenkinsSharedLibrary.git +refs/heads/*:refs/remotes/origin/* # timeout=10
Checking out Revision be4ed162b8681ed609b456fb60f77fa91e0340f7 (master)
 > git config core.sparsecheckout # timeout=10
 > git checkout -f be4ed162b8681ed609b456fb60f77fa91e0340f7 # timeout=10
Commit message: "Merge pull request #122 from Christy-Hammill/master"
 > git rev-list --no-walk be4ed162b8681ed609b456fb60f77fa91e0340f7 # timeout=10
Loading library downloadArtifacts@master
Attempting to resolve master from remote references...
 > git --version # timeout=10
 > git --version # 'git version 2.43.7'
using GIT_ASKPASS to set credentials BableFish GitHub API Token
 > git ls-remote -h -- https://github.ibm.com/InformationServer/JenkinsSharedLibrary.git # timeout=10
Found match: refs/heads/master revision be4ed162b8681ed609b456fb60f77fa91e0340f7
The recommended git tool is: NONE
using credential bff_github_api_token
 > git rev-parse --resolve-git-dir /var/lib/jenkins/workspace/Regression_Ironwood@libs/7b8d8e960c4544a4f7faa11aa05da4d4d5ebafdcb2988333df4a93b04a631a7e/.git # timeout=10
Fetching changes from the remote Git repository
 > git config remote.origin.url https://github.ibm.com/InformationServer/JenkinsSharedLibrary.git # timeout=10
Fetching without tags
Fetching upstream changes from https://github.ibm.com/InformationServer/JenkinsSharedLibrary.git
 > git --version # timeout=10
 > git --version # 'git version 2.43.7'
using GIT_ASKPASS to set credentials BableFish GitHub API Token
 > git fetch --no-tags --force --progress -- https://github.ibm.com/InformationServer/JenkinsSharedLibrary.git +refs/heads/*:refs/remotes/origin/* # timeout=10
Checking out Revision be4ed162b8681ed609b456fb60f77fa91e0340f7 (master)
 > git config core.sparsecheckout # timeout=10
 > git checkout -f be4ed162b8681ed609b456fb60f77fa91e0340f7 # timeout=10
Commit message: "Merge pull request #122 from Christy-Hammill/master"
Loading library messageSlack@master
Attempting to resolve master from remote references...
 > git --version # timeout=10
 > git --version # 'git version 2.43.7'
using GIT_ASKPASS to set credentials BableFish GitHub API Token
 > git ls-remote -h -- https://github.ibm.com/InformationServer/JenkinsSharedLibrary.git # timeout=10
Found match: refs/heads/master revision be4ed162b8681ed609b456fb60f77fa91e0340f7
The recommended git tool is: NONE
using credential bff_github_api_token
 > git rev-parse --resolve-git-dir /var/lib/jenkins/workspace/Regression_Ironwood@libs/7b8d8e960c4544a4f7faa11aa05da4d4d5ebafdcb2988333df4a93b04a631a7e/.git # timeout=10
Fetching changes from the remote Git repository
 > git config remote.origin.url https://github.ibm.com/InformationServer/JenkinsSharedLibrary.git # timeout=10
Fetching without tags
Fetching upstream changes from https://github.ibm.com/InformationServer/JenkinsSharedLibrary.git
 > git --version # timeout=10
 > git --version # 'git version 2.43.7'
using GIT_ASKPASS to set credentials BableFish GitHub API Token
 > git fetch --no-tags --force --progress -- https://github.ibm.com/InformationServer/JenkinsSharedLibrary.git +refs/heads/*:refs/remotes/origin/* # timeout=10
Checking out Revision be4ed162b8681ed609b456fb60f77fa91e0340f7 (master)
 > git config core.sparsecheckout # timeout=10
 > git checkout -f be4ed162b8681ed609b456fb60f77fa91e0340f7 # timeout=10
Commit message: "Merge pull request #122 from Christy-Hammill/master"
[Pipeline] Start of Pipeline
[Pipeline] node
Running on Jenkins in /var/lib/jenkins/workspace/Regression_Ironwood@3
[Pipeline] {
[Pipeline] script
[Pipeline] {
[Pipeline] checkout
The recommended git tool is: NONE
using credential bff_github_api_token
 > git rev-parse --resolve-git-dir /var/lib/jenkins/workspace/Regression_Ironwood@3/.git # timeout=10
Fetching changes from the remote Git repository
 > git config remote.origin.url https://github.ibm.com/InformationServer/Foundation.git # timeout=10
Fetching without tags
Fetching upstream changes from https://github.ibm.com/InformationServer/Foundation.git
 > git --version # timeout=10
 > git --version # 'git version 2.43.7'
using GIT_ASKPASS to set credentials BableFish GitHub API Token
 > git fetch --no-tags --force --progress -- https://github.ibm.com/InformationServer/Foundation.git +refs/heads/*:refs/remotes/origin/* # timeout=10
Checking out Revision 28a78aa65b207ed60c422f3902e38f6c3dd790da (Ironwood)
 > git config core.sparsecheckout # timeout=10
 > git checkout -f 28a78aa65b207ed60c422f3902e38f6c3dd790da # timeout=20
Commit message: "Merge pull request #1044 from InformationServer/chore/enhance-build-name"
 > git rev-list --no-walk 28a78aa65b207ed60c422f3902e38f6c3dd790da # timeout=10
[Pipeline] load
[Pipeline] { (util/pipeline.groovy)
[Pipeline] }
[Pipeline] // load
[Pipeline] sh
[Pipeline] readJSON
Did you forget the `def` keyword? WorkflowScript seems to be setting a field named pipeline_json (to a value of type JSONObject) which could lead to memory leaks or other issues.
[Pipeline] load
[Pipeline] { (util/params.groovy)
[Pipeline] }
[Pipeline] // load
[Pipeline] }
[Pipeline] // script
[Pipeline] }
[Pipeline] // node
[Pipeline] properties
[Pipeline] node
Running on Jenkins in /var/lib/jenkins/workspace/Regression_Ironwood@3
[Pipeline] {
[Pipeline] stage
[Pipeline] { (Declarative: Checkout SCM)
[Pipeline] checkout
The recommended git tool is: NONE
using credential bff_github_api_token
 > git rev-parse --resolve-git-dir /var/lib/jenkins/workspace/Regression_Ironwood@3/.git # timeout=10
Fetching changes from the remote Git repository
 > git config remote.origin.url https://github.ibm.com/InformationServer/Foundation.git # timeout=10
Fetching without tags
Fetching upstream changes from https://github.ibm.com/InformationServer/Foundation.git
 > git --version # timeout=10
 > git --version # 'git version 2.43.7'
using GIT_ASKPASS to set credentials BableFish GitHub API Token
 > git fetch --no-tags --force --progress -- https://github.ibm.com/InformationServer/Foundation.git +refs/heads/*:refs/remotes/origin/* # timeout=10
Checking out Revision 28a78aa65b207ed60c422f3902e38f6c3dd790da (Ironwood)
 > git config core.sparsecheckout # timeout=10
 > git checkout -f 28a78aa65b207ed60c422f3902e38f6c3dd790da # timeout=20
Commit message: "Merge pull request #1044 from InformationServer/chore/enhance-build-name"
[Pipeline] }
[Pipeline] // stage
[Pipeline] withEnv
[Pipeline] {
[Pipeline] stage
[Pipeline] { (Setup)
[Pipeline] script
[Pipeline] {
[Pipeline] load
[Pipeline] { (helper/setup.groovy)
[Pipeline] load
[Pipeline] { (util/logger.groovy)
[Pipeline] }
[Pipeline] // load
Did you forget the `def` keyword? Script3 seems to be setting a field named logger (to a value of type Script4) which could lead to memory leaks or other issues.
[Pipeline] ansiColor
[Pipeline] {

[Pipeline] echo
[26-09-16 23:40] [34mINFO: Setup[0m
[Pipeline] }

[Pipeline] // ansiColor
[Pipeline] load
[Pipeline] { (dashboard/run.groovy)
[Pipeline] }
[Pipeline] // load
[Pipeline] load
[Pipeline] { (dashboard/pipeline.groovy)
[Pipeline] }
[Pipeline] // load
[Pipeline] catchError
[Pipeline] {
[Pipeline] readJSON
[Pipeline] writeJSON
[Pipeline] sh
[Pipeline] readJSON
Did you forget the `def` keyword? Script5 seems to be setting a field named dashboard_run (to a value of type JSONObject) which could lead to memory leaks or other issues.
[Pipeline] ansiColor
[Pipeline] {

[Pipeline] echo
[26-09-16 23:40] [34mINFO: Added Dashboard Run 56224[0m
[Pipeline] }

[Pipeline] // ansiColor
[Pipeline] }
[Pipeline] // catchError
[Pipeline] load
[Pipeline] { (util/batch.groovy)
[Pipeline] }
[Pipeline] // load
[Pipeline] ansiColor
[Pipeline] {

[Pipeline] echo
[26-09-16 23:40] [34mINFO: Found #4 batches.[0m
[Pipeline] }

[Pipeline] // ansiColor
Did you forget the `def` keyword? Script3 seems to be setting a field named batches (to a value of type Integer) which could lead to memory leaks or other issues.
Did you forget the `def` keyword? Script3 seems to be setting a field named cluster_params (to a value of type LinkedHashMap) which could lead to memory leaks or other issues.
[Pipeline] load
[Pipeline] { (util/params.groovy)
[Pipeline] }
[Pipeline] // load
Did you forget the `def` keyword? Script8 seems to be setting a field named addedToken (to a value of type Boolean) which could lead to memory leaks or other issues.
[Pipeline] sh
[Pipeline] readJSON
[Pipeline] ansiColor
[Pipeline] {

[Pipeline] echo
[26-09-16 23:40] [34mINFO: Found Cluster Info[0m
[Pipeline] }

[Pipeline] // ansiColor
[Pipeline] ansiColor
[Pipeline] {

[Pipeline] echo
[26-09-16 23:40] [34mINFO: Found Cluster Info in DevOptics[0m
[Pipeline] }

[Pipeline] // ansiColor
Did you forget the `def` keyword? Script8 seems to be setting a field named json (to a value of type JSONObject) which could lead to memory leaks or other issues.
[Pipeline] load
[Pipeline] { (dashboard/pipeline.groovy)
[Pipeline] }
[Pipeline] // load
[Pipeline] ansiColor
[Pipeline] {

[Pipeline] echo
[26-09-16 23:40] [34mINFO: Updating Run attributes 56224[0m
[Pipeline] }

[Pipeline] // ansiColor
[Pipeline] load
[Pipeline] { (dashboard/run.groovy)
[Pipeline] }
[Pipeline] // load
[Pipeline] load
[Pipeline] { (dashboard/pipeline.groovy)
[Pipeline] }
[Pipeline] // load
[Pipeline] catchError
[Pipeline] {
[Pipeline] writeJSON
[Pipeline] sh
[Pipeline] ansiColor
[Pipeline] {

[Pipeline] echo
[26-09-16 23:40] [34mINFO: Updated Dashboard Run 56224[0m
[Pipeline] }

[Pipeline] // ansiColor
[Pipeline] }
[Pipeline] // catchError
[Pipeline] ansiColor
[Pipeline] {

[Pipeline] echo
[26-09-16 23:40] [34mINFO: Has generated Cluster Information[0m
[Pipeline] }

[Pipeline] // ansiColor
[Pipeline] load
[Pipeline] { (dashboard/run.groovy)
[Pipeline] }
[Pipeline] // load
[Pipeline] load
[Pipeline] { (dashboard/pipeline.groovy)
[Pipeline] }
[Pipeline] // load
[Pipeline] catchError
[Pipeline] {
[Pipeline] readJSON
[Pipeline] sh
[Pipeline] ansiColor
[Pipeline] {

[Pipeline] echo
[26-09-16 23:40] [31mERROR: Failed to add Dashboard
Status code: 400[0m
[Pipeline] }

[Pipeline] // ansiColor
[Pipeline] echo
Response: {"detail":"JSON parse error - Expecting value: line 1 column 2 (char 1)"}
[Pipeline] }
[Pipeline] // catchError
[Pipeline] load
[Pipeline] { (util/params.groovy)
[Pipeline] }
[Pipeline] // load
Did you forget the `def` keyword? Script3 seems to be setting a field named params_formatted (to a value of type String) which could lead to memory leaks or other issues.
[Pipeline] load
[Pipeline] { (util/params.groovy)
[Pipeline] }
[Pipeline] // load
Did you forget the `def` keyword? Script3 seems to be setting a field named params_json (to a value of type String) which could lead to memory leaks or other issues.
[Pipeline] load
[Pipeline] { (util/params.groovy)
[Pipeline] }
[Pipeline] // load
Did you forget the `def` keyword? Script3 seems to be setting a field named params_version_json (to a value of type String) which could lead to memory leaks or other issues.
[Pipeline] load
[Pipeline] { (util/params.groovy)
[Pipeline] }
[Pipeline] // load
Did you forget the `def` keyword? Script17 seems to be setting a field named params_formatted (to a value of type String) which could lead to memory leaks or other issues.
Did you forget the `def` keyword? Script17 seems to be setting a field named params_json (to a value of type String) which could lead to memory leaks or other issues.
Did you forget the `def` keyword? Script17 seems to be setting a field named params_version_json (to a value of type String) which could lead to memory leaks or other issues.
[Pipeline] ansiColor
[Pipeline] {

[Pipeline] echo
[26-09-16 23:41] [34mINFO: Added Release[0m
[Pipeline] }

[Pipeline] // ansiColor
[Pipeline] load
[Pipeline] { (util/params.groovy)
[Pipeline] }
[Pipeline] // load
Did you forget the `def` keyword? Script18 seems to be setting a field named params_formatted (to a value of type String) which could lead to memory leaks or other issues.
Did you forget the `def` keyword? Script18 seems to be setting a field named params_json (to a value of type String) which could lead to memory leaks or other issues.
Did you forget the `def` keyword? Script18 seems to be setting a field named params_version_json (to a value of type String) which could lead to memory leaks or other issues.
[Pipeline] ansiColor
[Pipeline] {

[Pipeline] echo
[26-09-16 23:41] [34mINFO: Added Product[0m
[Pipeline] }

[Pipeline] // ansiColor
[Pipeline] load
[Pipeline] { (robobug/robobug.groovy)
[Pipeline] }
[Pipeline] // load
Did you forget the `def` keyword? Script3 seems to be setting a field named runs (to a value of type LinkedHashMap) which could lead to memory leaks or other issues.
Did you forget the `def` keyword? Script3 seems to be setting a field named skip (to a value of type LinkedHashMap) which could lead to memory leaks or other issues.
Did you forget the `def` keyword? Script3 seems to be setting a field named aborted (to a value of type LinkedHashMap) which could lead to memory leaks or other issues.
Did you forget the `def` keyword? Script3 seems to be setting a field named issues (to a value of type LinkedHashMap) which could lead to memory leaks or other issues.
[Pipeline] load
[Pipeline] { (dashboard/pipeline.groovy)
[Pipeline] }
[Pipeline] // load
Did you forget the `def` keyword? Script3 seems to be setting a field named bucket_run (to a value of type LinkedHashMap) which could lead to memory leaks or other issues.
[Pipeline] load
[Pipeline] { (util/overrides.groovy)
[Pipeline] }
[Pipeline] // load
[Pipeline] load
[Pipeline] { (util/overrides.groovy)
[Pipeline] }
[Pipeline] // load
[Pipeline] load
[Pipeline] { (groovy/wkc/regression/setup.groovy)
[Pipeline] ansiColor
[Pipeline] {

[Pipeline] echo
[26-09-16 23:41] [34mINFO: WKC Setup[0m
[Pipeline] }

[Pipeline] // ansiColor
[Pipeline] load
[Pipeline] { (groovy/wkc/common/util/displayName.groovy)
[Pipeline] }
[Pipeline] // load
[Pipeline] load
[Pipeline] { (dashboard/run.groovy)
[Pipeline] }
[Pipeline] // load
[Pipeline] load
[Pipeline] { (dashboard/pipeline.groovy)
[Pipeline] }
[Pipeline] // load
[Pipeline] catchError
[Pipeline] {
[Pipeline] sh
[Pipeline] ansiColor
[Pipeline] {

[Pipeline] echo
[26-09-16 23:41] [34mINFO: Updated Dashboard Run 56224[0m
[Pipeline] }

[Pipeline] // ansiColor
[Pipeline] }
[Pipeline] // catchError
[Pipeline] load
[Pipeline] { (groovy/wkc/common/precheck/check_addons.groovy)
[Pipeline] node
Running on oc3 in /root/workspace/Regression_Ironwood_15
[Pipeline] {
[Pipeline] ansiColor
[Pipeline] {

[Pipeline] sh
[Pipeline] sh
ccs-cr   13.0.8    13.0.8       Completed   100%      39h
[Pipeline] sh
ccs-cr   13.0.8    13.0.8       Completed   100%      39h
[Pipeline] sh
wkc-cr   5.4.8     5.4.8        Completed   39h
[Pipeline] sh
error: the server doesn't have a resource type "ug"
[Pipeline] ansiColor
[Pipeline] {

[Pipeline] echo
[26-09-16 23:41] [34mINFO: Add-on UnifiedGovernance not found, disabling DS![0m
[Pipeline] }

[Pipeline] // ansiColor
[Pipeline] sh
wkc-cr   5.4.8     5.4.8        Completed   39h
[Pipeline] sh
ccs-cr   13.0.8    13.0.8       Completed   100%      39h
[Pipeline] sh
[Pipeline] sh
error: the server doesn't have a resource type "dp"
[Pipeline] ansiColor
[Pipeline] {

[Pipeline] echo
[26-09-16 23:41] [34mINFO: Add-on DataPrivacy not found, disabling Data Privacy![0m
[Pipeline] }

[Pipeline] // ansiColor
[Pipeline] sh
wkc-cr   5.4.8     5.4.8        Completed   39h
[Pipeline] sh
Error from server (NotFound): mantaflows.adl.getmanta.com "mantaflow-wkc" not found
[Pipeline] ansiColor
[Pipeline] {

[Pipeline] echo
[26-09-16 23:42] [34mINFO: Add-on MANTA not found, disabling Manta![0m
[Pipeline] }

[Pipeline] // ansiColor
[Pipeline] sh
error: the server doesn't have a resource type "ug"
[Pipeline] ansiColor
[Pipeline] {

[Pipeline] echo
[26-09-16 23:42] [34mINFO: Add-on UnifiedGovernance not found, disabling IMAM![0m
[Pipeline] }

[Pipeline] // ansiColor
[Pipeline] sh
wkc-cr   5.4.8     5.4.8        Completed   39h
[Pipeline] sh
[Pipeline] sh
[Pipeline] sh
wkc-cr   5.4.8     5.4.8        Completed   39h
[Pipeline] sh
wkc-cr   5.4.8     5.4.8        Completed   39h
[Pipeline] sh
[Pipeline] sh
  "install-config": "additionalTrustBundle: |\n  -----BEGIN CERTIFICATE-----\n  MIIFCjCCA/KgAwIBAgIBGTANBgkqhkiG9w0BAQsFADBiMQswCQYDVQQGEwJVUzE0\n  MDIGA1UEChMrSW50ZXJuYXRpb25hbCBCdXNpbmVzcyBNYWNoaW5lcyBDb3Jwb3Jh\n  dGlvbjEdMBsGA1UEAxMUSUJNIEludGVybmFsIFJvb3QgQ0EwHhcNMjIwNTA2MDQw\n  MDAwWhcNMzUwMTAxMDQ1OTU5WjBqMQswCQYDVQQGEwJVUzE0MDIGA1UEChMrSW50\n  ZXJuYXRpb25hbCBCdXNpbmVzcyBNYWNoaW5lcyBDb3Jwb3JhdGlvbjElMCMGA1UE\n  AxMcSUJNIElOVEVSTkFMIElOVEVSTUVESUFURSBDQTCCASIwDQYJKoZIhvcNAQEB\n  BQADggEPADCCAQoCggEBALaMp8hDDYrxsHGc6j5/K2HKS/1peh2Hek1RKlR1NhP/\n  9MPEu3/I63oEyelpN6kJb7Xru73mLe9DGEkopjUlf5bkCClJ2u8LpWNpVvpxoiAy\n  1Cdi2RcODoGR4OeWA9u89ydyrGh5TRYLf6bSEe6kLuTo+4ksXaJe3g2Nhx3gwHu+\n  IKxOwGK/N31Zawo0Jt36pFwG/SGcrBhXR8CkYtJPoJ7u93oK2U4RZNhS/fTL6ty1\n  MrXSBxmgg+HFS1HFZyhPs3QXPuJGNBG1QYR6OEV1BKOu3S27ZPgSMc/R1ebPLqxi\n  E3wtyhzYN3rsM4oztjqH140KfrkUnsE/3jwc2NASEK0CAwEAAaOCAcEwggG9MA4G\n  A1UdDwEB/wQEAwIBBjAPBgNVHRMBAf8EBTADAQH/MIHKBgNVHR8EgcIwgb8weaB3\n  oHWkczBxMQswCQYDVQQGEwJVUzE0MDIGA1UEChMrSW50ZXJuYXRpb25hbCBCdXNp\n  bmVzcyBNYWNoaW5lcyBDb3Jwb3JhdGlvbjEdMBsGA1UEAxMUSUJNIEludGVybmFs\n  IFJvb3QgQ0ExDTALBgNVBAMTBENSTDAwQqBAoD6GPGh0dHA6Ly9kYXltdnMxLnBv\n  ay5pYm0uY29tOjIwMDEvUEtJU2Vydi9jYWNlcnRzUm9vdC9DUkwwLmNybDAdBgNV\n  HQ4EFgQUBi/ax5ofP4dRuU3Q9tqul0ZKncgwHwYDVR0jBBgwFoAU+d4Y5Z4wE2lR\n  p/15hUiMfA5v2OMwgYwGA1UdIASBhDCBgTB/BgMqAwQweDB2BggrBgEFBQcCARZq\n  aHR0cDovL3czLTAzLmlibS5jb20vdHJhbnNmb3JtL3Nhcy9hcy13ZWIubnNmL0Nv\n  bnRlbnREb2NzQnlUaXRsZS9JbmZvcm1hdGlvbitUZWNobm9sb2d5K1NlY3VyaXR5\n  K1N0YW5kYXJkczANBgkqhkiG9w0BAQsFAAOCAQEAWwI8opg0H1ukbTLsf+XXRrHY\n  BDUB3pwAApSh9fruGc3Nt5IbKD8687oiutxBFwJ0xxPdP1/BL3HycCqzSDQFtSVd\n  UASJOF1+GB9DNDwrreOWaUTg2cHCIxOij9E9ypU64we9OL27FjcwYKnDbqfOrsxr\n  trRaxLmM2+lNaBHIMsAIbMH9vN11G7SpzsZ5Nr5hZXIlxfq9/HfQujE6hoCgt2ho\n  M0i4gRyLdVOaNCHPeoVO6n7OsOKm36BgXT62B36e5rvdKzzbUZZLse9QPtvRychy\n  APAX89wiHIqiFstesWL+kImp1C9L6iVM4DGbwGCqKxTnX2asika0xH3gWuoZjA==\n  -----END CERTIFICATE-----\n  -----BEGIN CERTIFICATE-----\n  MIID5TCCAs2gAwIBAgIBFDANBgkqhkiG9w0BAQsFADBiMQswCQYDVQQGEwJVUzE0\n  MDIGA1UEChMrSW50ZXJuYXRpb25hbCBCdXNpbmVzcyBNYWNoaW5lcyBDb3Jwb3Jh\n  dGlvbjEdMBsGA1UEAxMUSUJNIEludGVybmFsIFJvb3QgQ0EwHhcNMTYwMjI0MDUw\n  MDAwWhcNMzUwMTAzMDQ1OTU5WjBiMQswCQYDVQQGEwJVUzE0MDIGA1UEChMrSW50\n  ZXJuYXRpb25hbCBCdXNpbmVzcyBNYWNoaW5lcyBDb3Jwb3JhdGlvbjEdMBsGA1UE\n  AxMUSUJNIEludGVybmFsIFJvb3QgQ0EwggEiMA0GCSqGSIb3DQEBAQUAA4IBDwAw\n  ggEKAoIBAQDUKGuk9Tmri43R3SauS7gY9rQ9DXvRwklnbW+3Ts8/Meb4MPPxezdE\n  cqVJtHVc3kinDpzVMeKJXlB8CABBpxMBSLApmIQywEKoVd0H0w62Yc3rYuhv03iY\n  y6OozBV0BL6tzZE0UbvtLGuAQXMZ7ehzxqIta85JjfFN86AO2u7xrNF0FYyGH+E0\n  Rn6yNhb25VrqxE0OYbSMIGoWdvS11K4SgVDqrJ9OqIk8NHrIJ8Ed24P/YPMeAp3j\n  U409Gev1zGcuLdRr09WckQ145FZVDbPq42gcl7qYICPhZ4/eDUUjFgxpipfMGkMb\n  1X+Y3kFDgb4BO8Xrdda2VQo1iDZs8A8bAgMBAAGjgaUwgaIwPwYJYIZIAYb4QgEN\n  BDIWMEdlbmVyYXRlZCBieSB0aGUgU2VjdXJpdHkgU2VydmVyIGZvciB6L09TIChS\n  QUNGKTAOBgNVHQ8BAf8EBAMCAQYwDwYDVR0TAQH/BAUwAwEB/zAdBgNVHQ4EFgQU\n  +d4Y5Z4wE2lRp/15hUiMfA5v2OMwHwYDVR0jBBgwFoAU+d4Y5Z4wE2lRp/15hUiM\n  fA5v2OMwDQYJKoZIhvcNAQELBQADggEBAH87Ms8yFyAb9nXesaKjTHksLi1VKe2i\n  zESWozYFXnRtOgOW7/0xXcfK+7PW6xwcOqvTk61fqTGxj+iRyZf2e3FNtIB+T/Lg\n  3SZF9sztPM0jEUELWycC8l6WPTvzQjZZBCsF+cWbU1nxvRNQluzCsTDUEIfThJIF\n  cLu0WkoQclUrC3d2tM8jclLPssb6/OV8GaJ+4mx4ri7HbGaUAOtA/TXKR6AuhgkR\n  NPKYhpPU0q/PRlGXdwJP8zXb8+CXMMTnI5Upur7Tc5T3I/x1Gqfz7n1sTRZfsuiQ\n  J5uua4hz4te3oV2tm7LWcNItHD43zttBTTx/m5icg71JE2gcr2oincw=\n  -----END CERTIFICATE-----\nadditionalTrustBundlePolicy: Proxyonly\napiVersion: v1\nbaseDomain: cp.fyre.ibm.com\ncompute:\n- architecture: amd64\n  hyperthreading: Enabled\n  name: worker\n  platform: {}\n  replicas: 0\ncontrolPlane:\n  architecture: amd64\n  hyperthreading: Enabled\n  name: master\n  platform: {}\n  replicas: 3\nfips: true\nimageContentSources:\n- mirrors:\n  - svlquay.svl.ibm.com/devit/openshift-release-dev/ocp-v4.0-art-dev\n  source: quay.io/openshift-release-dev/ocp-v4.0-art-dev\n- mirrors:\n  - svlquay.svl.ibm.com/devit/openshift-release-dev/ocp-release\n  source: quay.io/openshift-release-dev/ocp-release\n- mirrors:\n  - svlquay.svl.ibm.com/devit_cp_icr/cp\n  source: cp.icr.io/cp\n- mirrors:\n  - svlquay.svl.ibm.com/devit_icr/cpopen\n  source: icr.io/cpopen\n- mirrors:\n  - svlquay.svl.ibm.com/devit_icr/db2u\n  source: icr.io/db2u\nmetadata:\n  creationTimestamp: null\n  name: 418ocs08f\nnetworking:\n  clusterNetwork:\n  - cidr: 10.254.0.0/16\n    hostPrefix: 22\n  clusterNetworks:\n  - cidr: 10.254.0.0/16\n    hostPrefix: 22\n  machineNetwork:\n  - cidr: 10.0.0.0/16\n  networkType: OVNKubernetes\n  serviceNetwork:\n  - 172.30.0.0/16\nplatform:\n  none: {}\npublish: External\npullSecret: \"\"\nsshKey: ssh-rsa AAAAB3NzaC1yc2EAAAADAQABAAACAQCXeI32BkJ/XVKNaCiDIU2CS8JAwpanjOd4d6ijGQg9C2y+H1wEvKeRwmSCUFoK3CH+ksy6fVlosJ7Xz/7DocWFD822Pp1TdJBFn/syqoSt2yRw3QAJcLsLHL7igFowtGk6Y4lXd2n2WO5kxbxtfIvk+lGObkC1ZQE0Wb2mHVKNAXH7EBYf2PcvSiB5cBMSGjx6FTXa09XHg4tXZbAs604iP+mOuV1TKYnsNKx8+RFtMjo4hkD2UbRjjv+UnTts7JXFPYbTgzfbEn9Rp+m0jy3VENtEtUI3UfxkJRJhaW498XlitihsKBjTls6tR3k1k87DakolStYbwOT7YaDcLyi2EUAW3ETGS+it87TSYys3H8+xOUObmxv5r8/qFctmH0V90UTuHIro+IX6reraP61A0rzwW5vAP792PWs1n7eMDALFdv9Abftpy/tlDzGpk6+94BKOQS7lq5ts0lF8UGaKXB+sjrXgb5JS9lldgZJ6L4zL7AE6YFEiAjgT7ZgAb3n6xsZON4euuokHIfQJMvL9VKXMCotGpebMawB8ACUAVB5Al/ExCHUvQ7IhUStf1W8/CckYkep8ogIfXR+EJ3a7B+hFw0PH6VK0h6VksB3iQJ9M2YxlMORd4YkJ81608AwbcD8g5njVOmrNswzTRttF8xWwzA90bwPwHcv168wBMw==\n  root@ocpinfrhel9\n"
[Pipeline] ansiColor
[Pipeline] {

[Pipeline] echo
[26-09-16 23:42] [34mINFO: Add-on NonFIPS not found, disabling Metadata Import - Lineage![0m
[Pipeline] }

[Pipeline] // ansiColor
[Pipeline] sh
Error from server (NotFound): mantaflows.adl.getmanta.com "mantaflow-wkc" not found
[Pipeline] ansiColor
[Pipeline] {

[Pipeline] echo
[26-09-16 23:42] [34mINFO: Add-on MANTA not found, disabling Metadata Import - Lineage![0m
[Pipeline] }

[Pipeline] // ansiColor
[Pipeline] sh
wkc-cr   5.4.8     5.4.8        Completed   39h
[Pipeline] sh
[Pipeline] sh
/root/workspace/Regression_Ironwood_15@tmp/durable-bb74e1a5/script.sh.copy: line 2: unexpected EOF while looking for matching `''
[Pipeline] ansiColor
[Pipeline] {

[Pipeline] echo
[26-09-16 23:42] [34mINFO: Add-on FDB not found, disabling Business Lineage![0m
[Pipeline] }

[Pipeline] // ansiColor
[Pipeline] sh
[Pipeline] sh
/root/workspace/Regression_Ironwood_15@tmp/durable-eeadc83f/script.sh.copy: line 2: unexpected EOF while looking for matching `''
[Pipeline] ansiColor
[Pipeline] {

[Pipeline] echo
[26-09-16 23:42] [34mINFO: Add-on FDB not found, disabling Relationship Explorer![0m
[Pipeline] }

[Pipeline] // ansiColor
[Pipeline] sh
wkc-cr   5.4.8     5.4.8        Completed   39h
[Pipeline] }

[Pipeline] // ansiColor
[Pipeline] }
[Pipeline] // node
[Pipeline] readJSON
[Pipeline] load
[Pipeline] { (dashboard/run.groovy)
[Pipeline] }
[Pipeline] // load
[Pipeline] load
[Pipeline] { (dashboard/pipeline.groovy)
[Pipeline] }
[Pipeline] // load
[Pipeline] catchError
[Pipeline] {
[Pipeline] writeJSON
[Pipeline] sh
[Pipeline] ansiColor
[Pipeline] {

[Pipeline] echo
[26-09-16 23:42] [34mINFO: Updated Dashboard Run 56224[0m
[Pipeline] }

[Pipeline] // ansiColor
[Pipeline] }
[Pipeline] // catchError
[Pipeline] }
[Pipeline] // load
[Pipeline] load
[Pipeline] { (groovy/wkc/sanity/util/conf/get_branch.groovy)
[Pipeline] }
[Pipeline] // load
[Pipeline] node
Running on oc2 in /root/workspace/Regression_Ironwood
[Pipeline] {
[Pipeline] ansiColor
[Pipeline] {

[Pipeline] sh
[26-09-16 23:42] [34mINFO: Checking branch[0m
[Pipeline] ansiColor
[Pipeline] {

[Pipeline] echo
[26-09-16 23:43] [34mINFO: Using Token to OC LOGIN[0m
[Pipeline] }

[Pipeline] // ansiColor
[Pipeline] sh
[Pipeline] sh
[26-09-16 23:43] [32mPASS: Successfully logged in with OC Credentials, checking wkc assembly[0m
[Pipeline] sh
[Pipeline] sh
[26-09-16 23:43] [34mINFO: Branch name: Ironwood[0m
[Pipeline] }

[Pipeline] // ansiColor
[Pipeline] }
[Pipeline] // node
Did you forget the `def` keyword? Script23 seems to be setting a field named Branch (to a value of type String) which could lead to memory leaks or other issues.
[Pipeline] load
[Pipeline] { (util/params.groovy)
[Pipeline] }
[Pipeline] // load
Did you forget the `def` keyword? Script31 seems to be setting a field named params_formatted (to a value of type String) which could lead to memory leaks or other issues.
Did you forget the `def` keyword? Script31 seems to be setting a field named params_json (to a value of type String) which could lead to memory leaks or other issues.
Did you forget the `def` keyword? Script31 seems to be setting a field named params_version_json (to a value of type String) which could lead to memory leaks or other issues.
[Pipeline] ansiColor
[Pipeline] {

[Pipeline] echo
[26-09-16 23:43] [34mINFO: Added Branch[0m
[Pipeline] }

[Pipeline] // ansiColor
[Pipeline] load
[Pipeline] { (util/params.groovy)
[Pipeline] }
[Pipeline] // load
Did you forget the `def` keyword? Script32 seems to be setting a field named params_formatted (to a value of type String) which could lead to memory leaks or other issues.
Did you forget the `def` keyword? Script32 seems to be setting a field named params_json (to a value of type String) which could lead to memory leaks or other issues.
Did you forget the `def` keyword? Script32 seems to be setting a field named params_version_json (to a value of type String) which could lead to memory leaks or other issues.
[Pipeline] ansiColor
[Pipeline] {

[Pipeline] echo
[26-09-16 23:43] [34mINFO: Added Type[0m
[Pipeline] }

[Pipeline] // ansiColor
[Pipeline] load
[Pipeline] { (groovy/wkc/sanity/util/conf/get_hostname.groovy)
[Pipeline] }
[Pipeline] // load
Did you forget the `def` keyword? Script23 seems to be setting a field named WKC_HOSTNAME (to a value of type String) which could lead to memory leaks or other issues.
[Pipeline] load
[Pipeline] { (util/params.groovy)
[Pipeline] }
[Pipeline] // load
Did you forget the `def` keyword? Script34 seems to be setting a field named params_formatted (to a value of type String) which could lead to memory leaks or other issues.
Did you forget the `def` keyword? Script34 seems to be setting a field named params_json (to a value of type String) which could lead to memory leaks or other issues.
Did you forget the `def` keyword? Script34 seems to be setting a field named params_version_json (to a value of type String) which could lead to memory leaks or other issues.
[Pipeline] ansiColor
[Pipeline] {

[Pipeline] echo
[26-09-16 23:43] [34mINFO: Added WKC_HOST[0m
[Pipeline] }

[Pipeline] // ansiColor
[Pipeline] load
[Pipeline] { (groovy/wkc/sanity/util/precheck/get_service_id.groovy)
[Pipeline] }
[Pipeline] // load
[Pipeline] node
Running on oc2 in /root/workspace/Regression_Ironwood
[Pipeline] {
[Pipeline] ansiColor
[Pipeline] {

[Pipeline] sh
[Pipeline] sh
[26-09-16 23:43] [34mINFO: Checking status of wkc-cr[0m
[Pipeline] sh
[Pipeline] sh
[26-09-16 23:43] [32mPASS: CCS ccs-cr deployment status is Completed[0m
[Pipeline] sh
[26-09-16 23:43] [34mINFO: Getting wdp-service-id[0m
[Pipeline] sh
[Pipeline] sh
Logged "kube:admin" out on "https://api.418ocs08f.cp.fyre.ibm.com:6443"
[Pipeline] sh
[26-09-16 23:43] [32mPASS: Successfully retrieved wdp-service-id[0m
[Pipeline] }

[Pipeline] // ansiColor
[Pipeline] }
[Pipeline] // node
Did you forget the `def` keyword? Script23 seems to be setting a field named WDP_SERVICE_ID (to a value of type String) which could lead to memory leaks or other issues.
[Pipeline] load
[Pipeline] { (util/params.groovy)
[Pipeline] }
[Pipeline] // load
Did you forget the `def` keyword? Script36 seems to be setting a field named params_formatted (to a value of type String) which could lead to memory leaks or other issues.
Did you forget the `def` keyword? Script36 seems to be setting a field named params_json (to a value of type String) which could lead to memory leaks or other issues.
Did you forget the `def` keyword? Script36 seems to be setting a field named params_version_json (to a value of type String) which could lead to memory leaks or other issues.
[Pipeline] ansiColor
[Pipeline] {

[Pipeline] echo
[26-09-16 23:43] [34mINFO: Added WDP_SERVICE_ID[0m
[Pipeline] }

[Pipeline] // ansiColor
[Pipeline] load
[Pipeline] { (util/params.groovy)
[Pipeline] }
[Pipeline] // load
Did you forget the `def` keyword? Script37 seems to be setting a field named params_formatted (to a value of type String) which could lead to memory leaks or other issues.
Did you forget the `def` keyword? Script37 seems to be setting a field named params_json (to a value of type String) which could lead to memory leaks or other issues.
Did you forget the `def` keyword? Script37 seems to be setting a field named params_version_json (to a value of type String) which could lead to memory leaks or other issues.
[Pipeline] ansiColor
[Pipeline] {

[Pipeline] echo
[26-09-16 23:43] [34mINFO: Added OMAG E2E[0m
[Pipeline] }

[Pipeline] // ansiColor
[Pipeline] load
[Pipeline] { (util/params.groovy)
[Pipeline] }
[Pipeline] // load
Did you forget the `def` keyword? Script38 seems to be setting a field named params_formatted (to a value of type String) which could lead to memory leaks or other issues.
Did you forget the `def` keyword? Script38 seems to be setting a field named params_json (to a value of type String) which could lead to memory leaks or other issues.
Did you forget the `def` keyword? Script38 seems to be setting a field named params_version_json (to a value of type String) which could lead to memory leaks or other issues.
[Pipeline] ansiColor
[Pipeline] {

[Pipeline] echo
[26-09-16 23:43] [34mINFO: Added OC_PASS[0m
[Pipeline] }

[Pipeline] // ansiColor
[Pipeline] load
[Pipeline] { (util/params.groovy)
[Pipeline] }
[Pipeline] // load
Did you forget the `def` keyword? Script39 seems to be setting a field named params_formatted (to a value of type String) which could lead to memory leaks or other issues.
Did you forget the `def` keyword? Script39 seems to be setting a field named params_json (to a value of type String) which could lead to memory leaks or other issues.
Did you forget the `def` keyword? Script39 seems to be setting a field named params_version_json (to a value of type String) which could lead to memory leaks or other issues.
[Pipeline] ansiColor
[Pipeline] {

[Pipeline] echo
[26-09-16 23:43] [34mINFO: Added URL[0m
[Pipeline] }

[Pipeline] // ansiColor
[Pipeline] load
[Pipeline] { (util/params.groovy)
[Pipeline] }
[Pipeline] // load
Did you forget the `def` keyword? Script40 seems to be setting a field named params_formatted (to a value of type String) which could lead to memory leaks or other issues.
Did you forget the `def` keyword? Script40 seems to be setting a field named params_json (to a value of type String) which could lead to memory leaks or other issues.
Did you forget the `def` keyword? Script40 seems to be setting a field named params_version_json (to a value of type String) which could lead to memory leaks or other issues.
[Pipeline] ansiColor
[Pipeline] {

[Pipeline] echo
[26-09-16 23:43] [34mINFO: Added User_Name[0m
[Pipeline] }

[Pipeline] // ansiColor
[Pipeline] load
[Pipeline] { (util/params.groovy)
[Pipeline] }
[Pipeline] // load
Did you forget the `def` keyword? Script41 seems to be setting a field named params_formatted (to a value of type String) which could lead to memory leaks or other issues.
Did you forget the `def` keyword? Script41 seems to be setting a field named params_json (to a value of type String) which could lead to memory leaks or other issues.
Did you forget the `def` keyword? Script41 seems to be setting a field named params_version_json (to a value of type String) which could lead to memory leaks or other issues.
[Pipeline] ansiColor
[Pipeline] {

[Pipeline] echo
[26-09-16 23:43] [34mINFO: Added Password[0m
[Pipeline] }

[Pipeline] // ansiColor
[Pipeline] load
[Pipeline] { (util/params.groovy)
[Pipeline] }
[Pipeline] // load
Did you forget the `def` keyword? Script42 seems to be setting a field named params_formatted (to a value of type String) which could lead to memory leaks or other issues.
Did you forget the `def` keyword? Script42 seems to be setting a field named params_json (to a value of type String) which could lead to memory leaks or other issues.
Did you forget the `def` keyword? Script42 seems to be setting a field named params_version_json (to a value of type String) which could lead to memory leaks or other issues.
[Pipeline] ansiColor
[Pipeline] {

[Pipeline] echo
[26-09-16 23:43] [34mINFO: Added MACHINE_IP[0m
[Pipeline] }

[Pipeline] // ansiColor
[Pipeline] load
[Pipeline] { (util/params.groovy)
[Pipeline] }
[Pipeline] // load
Did you forget the `def` keyword? Script43 seems to be setting a field named params_formatted (to a value of type String) which could lead to memory leaks or other issues.
Did you forget the `def` keyword? Script43 seems to be setting a field named params_json (to a value of type String) which could lead to memory leaks or other issues.
Did you forget the `def` keyword? Script43 seems to be setting a field named params_version_json (to a value of type String) which could lead to memory leaks or other issues.
[Pipeline] ansiColor
[Pipeline] {

[Pipeline] echo
[26-09-16 23:43] [34mINFO: Added ROOT_PASSWORD[0m
[Pipeline] }

[Pipeline] // ansiColor
[Pipeline] load
[Pipeline] { (util/params.groovy)
[Pipeline] }
[Pipeline] // load
Did you forget the `def` keyword? Script44 seems to be setting a field named params_formatted (to a value of type String) which could lead to memory leaks or other issues.
Did you forget the `def` keyword? Script44 seems to be setting a field named params_json (to a value of type String) which could lead to memory leaks or other issues.
Did you forget the `def` keyword? Script44 seems to be setting a field named params_version_json (to a value of type String) which could lead to memory leaks or other issues.
[Pipeline] ansiColor
[Pipeline] {

[Pipeline] echo
[26-09-16 23:43] [34mINFO: Added PASSWORD[0m
[Pipeline] }

[Pipeline] // ansiColor
[Pipeline] load
[Pipeline] { (robobug/build_info.groovy)
[Pipeline] }
[Pipeline] // load
[Pipeline] load
[Pipeline] { (groovy/common/kyverno.groovy)
[Pipeline] }
[Pipeline] // load
[Pipeline] node
Running on oc2 in /root/workspace/Regression_Ironwood
[Pipeline] {
[Pipeline] ansiColor
[Pipeline] {

[Pipeline] ansiColor
[Pipeline] {

[Pipeline] echo
[26-09-16 23:44] [34mINFO: Using OC user/password to login[0m
[Pipeline] }

[Pipeline] // ansiColor
[Pipeline] sh
[Pipeline] sh
    enableTopologySpreadConstraints: false
[Pipeline] ansiColor
[Pipeline] {

[Pipeline] echo
[26-09-16 23:44] [34mINFO: This is a Kyverno cluster[0m
[Pipeline] }

[Pipeline] // ansiColor
[Pipeline] sh
Logged "kube:admin" out on "https://api.418ocs08f.cp.fyre.ibm.com:6443"
[Pipeline] }

[Pipeline] // ansiColor
[Pipeline] }
[Pipeline] // node
[Pipeline] load
[Pipeline] { (groovy/common/patch.groovy)
[Pipeline] }
[Pipeline] // load
[Pipeline] node
Running on oc2 in /root/workspace/Regression_Ironwood
[Pipeline] {
[Pipeline] ansiColor
[Pipeline] {

[Pipeline] ansiColor
[Pipeline] {

[Pipeline] echo
[26-09-16 23:44] [34mINFO: Using OC user/password to login[0m
[Pipeline] }

[Pipeline] // ansiColor
[Pipeline] sh
[Pipeline] sh
+ oc get ConfigMap olm-utils-cm --namespace wxdi --output 'jsonpath={.data.release_components_meta}'
[Pipeline] readYaml
[Pipeline] sh
Logged "kube:admin" out on "https://api.418ocs08f.cp.fyre.ibm.com:6443"
[Pipeline] }

[Pipeline] // ansiColor
[Pipeline] }
[Pipeline] // node
Did you forget the `def` keyword? Script23 seems to be setting a field named buildInfo (to a value of type String) which could lead to memory leaks or other issues.
[Pipeline] load
[Pipeline] { (robobug/credentials.groovy)
[Pipeline] }
[Pipeline] // load
Did you forget the `def` keyword? Script23 seems to be setting a field named credentials (to a value of type String) which could lead to memory leaks or other issues.
[Pipeline] load
[Pipeline] { (groovy/wkc/sanity/util/conf/gen_wkc_info.groovy)
[Pipeline] }
[Pipeline] // load
[Pipeline] node
Running on CX_Slave in /home/cx/workspace/Regression_Ironwood
[Pipeline] {
[Pipeline] sh
  % Total    % Received % Xferd  Average Speed   Time    Time     Time  Current
                                 Dload  Upload   Total   Spent    Left  Speed
  0     0    0     0    0     0      0      0 --:--:-- --:--:-- --:--:--     0100  5651  100  5651    0     0  36934      0 --:--:-- --:--:-- --:--:-- 36934
[Pipeline] readJSON
[Pipeline] ansiColor
[Pipeline] {

[Pipeline] echo
[26-09-16 23:44] [34mINFO: Cluster is in devoptics, getting cluster info[0m
[Pipeline] }

[Pipeline] // ansiColor
Did you forget the `def` keyword? Script49 seems to be setting a field named formattedOC (to a value of type String) which could lead to memory leaks or other issues.
[Pipeline] sh
Did you forget the `def` keyword? Script49 seems to be setting a field named check_current_info (to a value of type Integer) which could lead to memory leaks or other issues.
[Pipeline] sh
Warning: Permanently added 'api.418ocs08f.cp.fyre.ibm.com,9.60.231.52' (ECDSA) to the list of known hosts.
Did you forget the `def` keyword? Script49 seems to be setting a field named clusterInfoConsole (to a value of type String) which could lead to memory leaks or other issues.
[Pipeline] sh
Did you forget the `def` keyword? Script49 seems to be setting a field named check_git_status (to a value of type Integer) which could lead to memory leaks or other issues.
[Pipeline] sh
Warning: Permanently added 'api.418ocs08f.cp.fyre.ibm.com,9.60.231.52' (ECDSA) to the list of known hosts.
Did you forget the `def` keyword? Script49 seems to be setting a field named clusterInfo (to a value of type String) which could lead to memory leaks or other issues.
[Pipeline] sh
Did you forget the `def` keyword? Script49 seems to be setting a field named check_current_json (to a value of type Integer) which could lead to memory leaks or other issues.
[Pipeline] sh
Warning: Permanently added 'api.418ocs08f.cp.fyre.ibm.com,9.60.231.52' (ECDSA) to the list of known hosts.
Did you forget the `def` keyword? Script49 seems to be setting a field named jsonInfo (to a value of type String) which could lead to memory leaks or other issues.
[Pipeline] ansiColor
[Pipeline] {

[Pipeline] echo
[26-09-16 23:45] [34mINFO: Found Current.Cluster.Info[0m
[Pipeline] }

[Pipeline] // ansiColor
[Pipeline] ansiColor
[Pipeline] {

[Pipeline] echo
[26-09-16 23:45] [34mINFO: 
  [1;34mAccess Info[0m         [1;34mURL[0m                                              [1;34mUser[0m       [1;34mPassword[0m               
  [1;30m------------------[0m  [1;30m-----------------------------------------------[0m  [1;30m---------[0m  [1;30m-----------------------[0m
  [1;30mProject Instance[0m    [0;30mhttps://cpd-wxdi.apps.418ocs08f.cp.fyre.ibm.com[0m  [0;30madmin[0m      [0;30mExndOfab0RiK[0m           
  [1;30mOpenShift REST API[0m  [0;32m✔ https://api.418ocs08f.cp.fyre.ibm.com:6443[0m     [0;30mkubeadmin[0m  [0;30mrwrRo-KjrFa-gFjhP-HN6gN[0m
  [1;30mOpenShift Console[0m   [0;30mhttps://console-openshift-console.apps.418ocs08f.cp.fyre.ibm.com[0m                                                          
  [1;30mSSH Access[0m          [0;30mapi.418ocs08f.cp.fyre.ibm.com[0m                    [0;30mLogin as kubeadmin, then sudo root[0m                                    

  [1;34mConfiguration[0m                         [1;34mValue[0m                                                            
  [1;30m------------------------------------[0m  [1;30m-----------------------------------------------------------------[0m
  [1;30mBabelfish Framework Logs[0m              [0;30m/usr/local/CX/log[0m                                                
  [1;30mOpenShift Container Platform[0m          [0;30m4.18.53 ([0;34mClient[0m: 4.18.42, [0;34mKubernetes[0m: v1.31.14)[0m
  [1;30mOpenShift Persistent Storage Classes[0m  [0;30mOCS ([0;34mFile[0m: [0;32m✔ ocs-storagecluster-cephfs[0m, [0;34mBlock[0m: [0;32m✔ ocs-storagecluster-ceph-rbd[0m)[0m
  [1;30mOpenShift Cluster Configuration[0m       [0;30m9 Intel worker nodes, FIPS encryption enabled[0m                    
  [1;30mProject Instance Configuration[0m        [0;30mVault enabled, remote cloud WatsonX AI[0m                           
  [1;30mProject Instance-related Namespaces[0m   [0;30m[0;34mInstance[0m: [0;32m✔ wxdi[0m, [0;34mOperator[0m: [0;32m✔ wxdi-operators[0m[0m
  [1;30mCluster-wide Namespaces[0m               [0;30m[0;34mCert Manager[0m: [0;32m✔ cert-manager[0m, [0;34mLicensing[0m: [0;32m✔ ibm-licensing[0m[0m
  [1;30mIBM Software Hub[0m                      [0;30m[0;34mRelease[0m: [0;32m✔ 5.4.0[0m, [0;34mPatch ID[0m: 8[0m 

  [1;34mServices (Helm)[0m                [1;34mScale[0m   [1;34mHPA[0m  [1;34mOperand[0m          [1;34mTarget[0m   [1;34mVersion[0m  [1;34mReconciled[0m  [1;34mApp Version[0m  [1;34mHelm Chart[0m                                           
  [1;30m-----------------------------[0m  [1;30m------[0m  [1;30m---[0m  [1;30m---------------[0m  [1;30m------[0m  [1;30m--------[0m  [1;30m----------[0m  [1;30m-----------[0m  [1;30m-----------------------------------------------------[0m
  [1;30manalyticsengine[0m                [0;30msmall[0m   [0;30m[0m     [0;32m✔ Completed[0m       [0;30m5.4.5[0m   [0;32m✔ 5.4.5[0m     [0;32m✔ 5.4.5[0m        [0;30m5.4.5[0m  [0;30manalyticsengine-5.4.5+20260813.010925.2660[0m           
  [1;30mccs[0m                            [0;30msmall[0m   [0;30m[0m     [0;32m✔ Completed[0m      [0;30m13.0.8[0m  [0;32m✔ 13.0.8[0m    [0;32m✔ 13.0.8[0m       [0;30m13.0.8[0m  [0;30mccs-13.0.8+20260915.170241.82[0m                        
  [1;30mcpd-platform[0m                   [0;30m[0m        [0;30m[0m     [0;32m✔ Completed[0m      [0;30m5.10.7[0m  [0;32m✔ 5.10.7[0m    [0;32m✔ 5.10.7[0m       [0;30m5.10.7[0m  [0;30mcpd-platform-5.10.7+20260907.185218.11[0m               
  [1;30mdata-lineage-neo4j-server1[0m                  [0;34m✔ deployed[0m                                       [0;30m2026.08.1[0m  [0;30mneo4j-2026.8.1[0m                                       
  [1;30mdatalineage[0m                    [0;30msmall[0m   [0;30m[0m     [0;32m✔ Completed[0m       [0;30m5.4.8[0m   [0;32m✔ 5.4.8[0m     [0;32m✔ 5.4.8[0m        [0;30m5.4.8[0m  [0;30mdatalineage-5.4.8+20260911.142019.8016[0m               
  [1;30mdataproduct[0m                    [0;30msmall[0m   [0;30m[0m     [0;32m✔ Completed[0m       [0;30m5.4.8[0m   [0;32m✔ 5.4.8[0m       [0;34m✔ N/A[0m        [0;30m5.4.8[0m  [0;30mdataproduct-5.4.8+20260911.204517.8008[0m               
  [1;30mdatarefinery[0m                   [0;30msmall[0m   [0;30m[0m     [0;32m✔ Completed[0m      [0;30m13.0.8[0m  [0;32m✔ 13.0.8[0m    [0;32m✔ 13.0.8[0m       [0;30m13.0.8[0m  [0;30mdatarefinery-13.0.8+20260915.061512.434[0m              
  [1;30mdatastage-ent[0m                  [0;30msmall[0m   [0;30m[0m     [0;32m✔ Completed[0m       [0;30m5.4.8[0m   [0;32m✔ 5.4.8[0m     [0;32m✔ 5.4.8[0m        [0;30m5.4.8[0m  [0;30mdatastage-ent-12.0.8+20260911.100117.20[0m              
  [1;30mibm-common-service-operator[0m                 [0;32m✔ Succeeded[0m                                         [0;30m4.19.2[0m  [0;30mibm-common-service-operator-4.19.2+20260723.150331.0[0m 
  [1;30mibm-iam-operator[0m                            [0;32m✔ Succeeded[0m                                         [0;30m4.18.1[0m  [0;30mibm-iam-operator-4.18.1+20260730.120510.0[0m            
  [1;30mibm-namespace-scope-operator[0m                [0;32m✔ Succeeded[0m                                          [0;30m4.3.7[0m  [0;30mibm-namespace-scope-operator-4.3.7+20260721.104322.0[0m 
  [1;30mibm-neo4j[0m                                   [0;34m✔ deployed[0m                                           [0;30m1.4.8[0m  [0;30mibm-neo4j-1.4.8+20260915.070456.650[0m                  
  [1;30mibm-pg-operator[0m                             [0;34m✔ deployed[0m                                          [0;30m28.3.3[0m  [0;30mibm-pg-operator-28.3.3+20260625.144015.538[0m           
  [1;30mibm-redis-cp[0m                                [0;34m✔ deployed[0m                                           [0;30m1.4.1[0m  [0;30mibm-redis-cp-1.4.1+20260902.142404.332[0m               
  [1;30mibm-usage-metering[0m             [0;30m[0m        [0;30m[0m     [0;32m✔ Ready[0m           [0;30m1.0.7[0m   [0;32m✔ 1.0.7[0m       [0;34m✔ N/A[0m        [0;30m1.0.7[0m  [0;30mibm-usage-metering-1.0.7+20260723.100909.0[0m           
  [1;30mikc-premium[0m                    [0;30msmall[0m   [0;30m[0m     [0;32m✔ Completed[0m       [0;30m5.4.8[0m   [0;32m✔ 5.4.8[0m     [0;32m✔ 5.4.8[0m        [0;30m5.4.8[0m  [0;30mikc-premium-5.4.8+20260912.001725.8018[0m               
  [1;30mikc-standard[0m                   [0;30msmall[0m   [0;30m[0m     [0;32m✔ Completed[0m       [0;30m5.4.8[0m   [0;32m✔ 5.4.8[0m     [0;32m✔ 5.4.8[0m        [0;30m5.4.8[0m  [0;30mikc-standard-5.4.8+20260912.001725.8018[0m              
  [1;30mopencontent-fdb[0m                             [0;34m✔ deployed[0m                                           [0;30m5.4.3[0m  [0;30mopencontent-fdb-5.4.3+20260824.172127.4[0m              
  [1;30mopencontent-opensearch[0m                      [0;34m✔ deployed[0m                                           [0;30m1.4.5[0m  [0;30mopencontent-opensearch-1.4.5+20250905.120936[0m         
  [1;30mplatform-config[0m                             [0;34m✔ deployed[0m                                          [0;30m5.10.5[0m  [0;30mplatform-config-5.10.5+20260811.150153.7[0m             
  [1;30mpostgresql[0m                                  [0;34m✔ deployed[0m                                          [0;30m1.28.4[0m  [0;30mpostgresql-5.40.1+20260729.084814.316[0m                
  [1;30mudp[0m                            [0;30msmall[0m   [0;30m[0m     [0;32m✔ Completed[0m       [0;30m5.4.8[0m   [0;32m✔ 5.4.8[0m     [0;32m✔ 5.4.8[0m        [0;30m5.4.8[0m  [0;30mudp-5.4.8+20260914.193021.8022[0m                       
  [1;30mwatsonx-ai-ifm[0m                 [0;30m[0m        [0;30m[0m     [0;32m✔ Completed[0m      [0;30m13.0.8[0m  [0;32m✔ 13.0.8[0m    [0;32m✔ 13.0.8[0m       [0;30m13.0.8[0m  [0;30mwatsonx-ai-ifm-13.0.8+20260911.192619.25[0m             
  [1;30mwatsonx-dataintelligence[0m       [0;30msmall[0m   [0;30m[0m     [0;32m✔ Completed[0m       [0;30m2.4.8[0m   [0;32m✔ 2.4.8[0m       [0;34m✔ N/A[0m        [0;30m2.4.8[0m  [0;30mwatsonx-dataintelligence-2.4.8+20260909.201440.8001[0m  
  [1;30mwkc[0m                            [0;30msmall[0m   [0;30m[0m     [0;32m✔ Completed[0m       [0;30m5.4.8[0m   [0;32m✔ 5.4.8[0m     [0;32m✔ 5.4.8[0m        [0;30m5.4.8[0m  [0;30mwkc-5.4.8+20260914.235822.8037[0m                       
  [1;30mzen[0m                            [0;30msmall[0m   [0;30m[0m     [0;32m✔ Completed[0m      [0;30m6.10.5[0m  [0;32m✔ 6.10.5[0m    [0;32m✔ 6.10.5[0m       [0;30m6.10.5[0m  [0;30mzen-6.10.5+20260730.105209.12[0m                        

  [1;34mWKC Sub-Component[0m  [1;34mCustom Resource[0m       [1;34mScale[0m   [1;34mHPA[0m  [1;34mStatus[0m         [1;34mTarget[0m   [1;34mVersion[0m  [1;34mReconciled[0m
  [1;30m-----------------[0m  [1;30m--------------------[0m  [1;30m------[0m  [1;30m---[0m  [1;30m-------------[0m  [1;30m------[0m  [1;30m--------[0m  [1;30m----------[0m
  [1;30mdataquality[0m        [1;30mdata-quality-cr[0m       [0;30msmall[0m   [0;30m[0m     [0;32m✔ Completed[0m     [0;30m5.4.8[0m   [0;32m✔ 5.4.8[0m     [0;32m✔ 5.4.8[0m
  [1;30menrichment[0m         [1;30menrichment-cr[0m         [0;30msmall[0m   [0;30m[0m     [0;32m✔ Completed[0m     [0;30m5.4.8[0m   [0;32m✔ 5.4.8[0m     [0;32m✔ 5.4.8[0m
  [1;30mfinley[0m             [1;30mfinley-cr[0m             [0;30msmall[0m   [0;30m[0m     [0;32m✔ Completed[0m     [0;30m5.4.8[0m   [0;32m✔ 5.4.8[0m     [0;32m✔ 5.4.8[0m
  [1;30mglossary[0m           [1;30mglossary-cr[0m           [0;30msmall[0m   [0;30m[0m     [0;32m✔ Completed[0m     [0;30m5.4.8[0m   [0;32m✔ 5.4.8[0m     [0;32m✔ 5.4.8[0m
  [1;30mknowledgegraph[0m     [1;30mknowledgegraph-cr[0m     [0;30msmall[0m   [0;30m[0m     [0;32m✔ Completed[0m     [0;30m5.4.8[0m   [0;32m✔ 5.4.8[0m     [0;32m✔ 5.4.8[0m
  [1;30mmetadataimports[0m    [1;30mmetadataimports-cr[0m    [0;30msmall[0m   [0;30m[0m     [0;32m✔ Completed[0m     [0;30m5.4.8[0m   [0;32m✔ 5.4.8[0m     [0;32m✔ 5.4.8[0m
  [1;30mpolicy[0m             [1;30mpolicy-cr[0m             [0;30msmall[0m   [0;30m[0m     [0;32m✔ Completed[0m     [0;30m5.4.8[0m   [0;32m✔ 5.4.8[0m     [0;32m✔ 5.4.8[0m
  [1;30mprofiling[0m          [1;30mprofiling-cr[0m          [0;30msmall[0m   [0;30m[0m     [0;32m✔ Completed[0m     [0;30m5.4.8[0m   [0;32m✔ 5.4.8[0m     [0;32m✔ 5.4.8[0m
  [1;30msemanticsearch[0m     [1;30msemanticsearch-cr[0m     [0;30msmall[0m   [0;30m[0m     [0;32m✔ Completed[0m     [0;30m5.4.8[0m   [0;32m✔ 5.4.8[0m     [0;32m✔ 5.4.8[0m
  [1;30mwkcgovui[0m           [1;30mwkc-gov-ui-cr[0m         [0;30msmall[0m   [0;30m[0m     [0;32m✔ Completed[0m     [0;30m5.4.8[0m   [0;32m✔ 5.4.8[0m     [0;32m✔ 5.4.8[0m
  [1;30mworkflow[0m           [1;30mworkflow-cr[0m           [0;30msmall[0m   [0;30m[0m     [0;32m✔ Completed[0m     [0;30m5.4.8[0m   [0;32m✔ 5.4.8[0m     [0;32m✔ 5.4.8[0m

  [1;34mIKC Sub-Component[0m                [1;34mCustom Resource[0m                     [1;34mScale[0m   [1;34mHPA[0m  [1;34mStatus[0m         [1;34mTarget[0m   [1;34mVersion[0m  [1;34mReconciled[0m
  [1;30m-------------------------------[0m  [1;30m----------------------------------[0m  [1;30m------[0m  [1;30m---[0m  [1;30m-------------[0m  [1;30m------[0m  [1;30m--------[0m  [1;30m----------[0m
  [1;30msemanticautomation[0m               [1;30msemanticautomation-cr[0m               [0;30msmall[0m   [0;30m[0m     [0;32m✔ Completed[0m     [0;30m5.4.8[0m   [0;32m✔ 5.4.8[0m     [0;32m✔ 5.4.8[0m

  [1;34mIBM Neo4J Cluster[0m   [1;34mStatus[0m       [1;34mVersion[0m  [1;34mReconciled[0m
  [1;30m------------------[0m  [1;30m-----------[0m  [1;30m-------[0m  [1;30m----------[0m
  [1;30mdata-lineage-neo4j[0m  [0;32m✔ Completed[0m    [0;30m1.4.8[0m     [0;32m✔ 1.4.8[0m

  [1;34mEDB Cluster[0m                            [1;34mCurrent Primary[0m                          [1;34mInstances[0m  [1;34mReady[0m  [1;34mStatus[0m                    
  [1;30m-------------------------------------[0m  [1;30m---------------------------------------[0m  [1;30m---------[0m  [1;30m-----[0m  [1;30m--------------------------[0m
  [1;30mccs-cams-postgres[0m                      [1;30mccs-cams-postgres-1[0m                            [0;32m✔ 2[0m    [0;32m✔ 2[0m  [0;32m✔ Cluster in healthy state[0m
  [1;30mccs-jobs-postgres[0m                      [1;30mccs-jobs-postgres-2[0m                            [0;32m✔ 2[0m    [0;32m✔ 2[0m  [0;32m✔ Cluster in healthy state[0m
  [1;30mdatalineage-cloud-native-postgresql[0m    [1;30mdatalineage-cloud-native-postgresql-2[0m          [0;32m✔ 2[0m    [0;32m✔ 2[0m  [0;32m✔ Cluster in healthy state[0m
  [1;30mdatasift-postgres[0m                      [1;30mdatasift-postgres-1[0m                            [0;32m✔ 2[0m    [0;32m✔ 2[0m  [0;32m✔ Cluster in healthy state[0m
  [1;30mikc-activity-lineage-postgres[0m          [1;30mikc-activity-lineage-postgres-1[0m                [0;32m✔ 2[0m    [0;32m✔ 2[0m  [0;32m✔ Cluster in healthy state[0m
  [1;30mikc-dp-dps-bidata-mde-mdi-postgres[0m     [1;30mikc-dp-dps-bidata-mde-mdi-postgres-1[0m           [0;32m✔ 2[0m    [0;31m✘ 1[0m  [0;31m✘ Unable to create required cluster objects[0m
  [1;30mikc-glossary-workflow-postgres[0m         [1;30mikc-glossary-workflow-postgres-1[0m               [0;32m✔ 2[0m    [0;32m✔ 2[0m  [0;32m✔ Cluster in healthy state[0m
  [1;30mspark-hb-cloud-native-postgresql[0m       [1;30mspark-hb-cloud-native-postgresql-1[0m             [0;32m✔ 2[0m    [0;32m✔ 2[0m  [0;32m✔ Cluster in healthy state[0m
  [1;30mwdp-profiling-cloud-native-postgresql[0m  [1;30mwdp-profiling-cloud-native-postgresql-1[0m        [0;32m✔ 2[0m    [0;32m✔ 2[0m  [0;32m✔ Cluster in healthy state[0m

  [1;34mCNPG Cluster[0m                           [1;34mCurrent Primary[0m                          [1;34mInstances[0m  [1;34mReady[0m  [1;34mStatus[0m                    
  [1;30m-------------------------------------[0m  [1;30m---------------------------------------[0m  [1;30m---------[0m  [1;30m-----[0m  [1;30m--------------------------[0m
  [1;30mzen-metastore[0m                          [1;30mzen-metastore-1[0m                                [0;32m✔ 2[0m    [0;32m✔ 2[0m  [0;32m✔ Cluster in healthy state[0m

[0m
[Pipeline] }

[Pipeline] // ansiColor
[Pipeline] }
[Pipeline] // node
Did you forget the `def` keyword? Script23 seems to be setting a field named cxInfoSh (to a value of type ArrayList) which could lead to memory leaks or other issues.
Did you forget the `def` keyword? Script23 seems to be setting a field named slack_cluster_info (to a value of type String) which could lead to memory leaks or other issues.
[Pipeline] withCredentials
Masking supported pattern matches of $API_TOKEN
[Pipeline] {
[Pipeline] load
[Pipeline] { (util/job_remote_retry.groovy)
[Pipeline] }
[Pipeline] // load
[Pipeline] ansiColor
[Pipeline] {

[Pipeline] echo
[26-09-16 23:45] [34mINFO: Building remote job IA/FirstPass/Regression/JBDCDriverUploadWithKrbVaultSecretCreations, try #1[0m
[Pipeline] }

[Pipeline] // ansiColor
[Pipeline] triggerRemoteJob
################################################################################################################
  Parameterized Remote Trigger Configuration:
    - job:                     IA/FirstPass/Regression/JBDCDriverUploadWithKrbVaultSecretCreations 
    - remoteJenkinsName:       iaqajenkinsserver11
    - parameters:              {Cluster Code=418ocs08f, ROOT_PWD=Th3P!r@t3P7an3t, Product=WKC, WDP_SERVICE_ID="YVdOd05HUXRaR1YyT25Zd2VHRm9PRzloUlRkcGFHMD0=", OC_USER=kubeadmin, OC API URL=https://api.418ocs08f.cp.fyre.ibm.com:6443, Parent Job URL=http://wkc-jenkins-app.fyre.ibm.com:8080/blue/organizations/jenkins/Overseer/detail/Ironwood/2678/pipeline/, MACHINE_IP=cpd-wxdi.apps.418ocs08f.cp.fyre.ibm.com, OC Namespace=wxdi, OC Token=, OMAG E2E=Skip Workload, Architecture=x, VAULT_TYPE=NONE, Secured By=NONE, Vault Type=NONE, OC_TOKEN=, PASSWORD=ExndOfab0RiK, Override Options=, OC_NAMESPACE=wxdi, OC Password=rwrRo-KjrFa-gFjhP-HN6gN, Build IDs=CustomRun:true, Legend=Custom Stage Run, Diagnostics=true, OC_PASSWORD=rwrRo-KjrFa-gFjhP-HN6gN, WKC_PASSWORD=ExndOfab0RiK, CP_CONSOLE=https://console-openshift-console.apps.418ocs08f.cp.fyre.ibm.com, Slack Channels=ironwood-build-info, URL=https://cpd-wxdi.apps.418ocs08f.cp.fyre.ibm.com, OC_URL=https://api.418ocs08f.cp.fyre.ibm.com:6443, WKC_HOST=cpd-wxdi.apps.418ocs08f.cp.fyre.ibm.com, ROOT_PASSWORD=Th3P!r@t3P7an3t, SECURED_BY=NONE, Branch=Ironwood, Scorecard=CX 5.4.0 WKC, OC_PASS=rwrRo-KjrFa-gFjhP-HN6gN, Release=5.4.0, CP4D Project URL=https://cpd-wxdi.apps.418ocs08f.cp.fyre.ibm.com, Password=ExndOfab0RiK, User_Name=admin, WKC_URL=https://cpd-wxdi.apps.418ocs08f.cp.fyre.ibm.com, WKC_USERNAME=admin, Scale=Small, Pipeline=api:http://devoptics-app.fyre.ibm.com/api/overlord_products/foundation/?name=WKC&type=Regression&release=5.4.0, Type=Regression, Admin User=admin, Openshift Console URL=https://console-openshift-console.apps.418ocs08f.cp.fyre.ibm.com, Git Repository=, Root Password=Th3P!r@t3P7an3t, OC User=kubeadmin, Admin Password=ExndOfab0RiK, PlatformType=x, Operator Namespace=wxdi-operators}
    - blockBuildUntilComplete: false
    - connectionRetryLimit:    5
    - trustAllCertificates:    false
################################################################################################################
Triggering parameterized remote job 'http://iaqajenkinsserver11.fyre.ibm.com:8080/job/IA/job/FirstPass/job/Regression/job/JBDCDriverUploadWithKrbVaultSecretCreations'
  Using globally defined 'Token Authentication' as user 'bff@us.ibm.com'
Triggering remote job now.
[Pipeline] echo
Triggered parameterized remote job url (JBDCDriverUploadWithKrbVaultSecretCreations): http://iaqajenkinsserver11.fyre.ibm.com:8080/job/IA/job/FirstPass/job/Regression/job/JBDCDriverUploadWithKrbVaultSecretCreations/1355/
[Pipeline] waitUntil
[Pipeline] {
[Pipeline] }
[Pipeline] {
[Pipeline] }
[Pipeline] // waitUntil
[Pipeline] sh
Warning: A secret was passed to "sh" using Groovy String interpolation, which is insecure.
		 Affected argument(s) used the following variable(s): [API_TOKEN]
		 See https://jenkins.io/redirect/groovy-string-interpolation for details.
WARNING: Unknown parameter(s) found for class type 'org.jenkinsci.plugins.workflow.steps.durable_task.ShellStep': env

[Pipeline] ansiColor
[Pipeline] {

[Pipeline] echo
[26-09-16 23:45] [31mERROR: Exception while fetching console output from http://iaqajenkinsserver11.fyre.ibm.com:8080/job/IA/job/FirstPass/job/Regression/job/JBDCDriverUploadWithKrbVaultSecretCreations/1355/: script returned exit code 6[0m
[Pipeline] }

[Pipeline] // ansiColor
[Pipeline] }
[Pipeline] // withCredentials
[Pipeline] }
[Pipeline] // load
[Pipeline] }
[Pipeline] // load
[Pipeline] stage
[Pipeline] { (Batch 1)
[Pipeline] script
[Pipeline] {
[Pipeline] parallel
[Pipeline] { (Branch: Knowledge Accelerators)
[Pipeline] { (Branch: Glossary)
[Pipeline] stage
[Pipeline] { (Knowledge Accelerators)
[Pipeline] stage
[Pipeline] { (Glossary)
[Pipeline] script
[Pipeline] {
[Pipeline] script
[Pipeline] {
[Pipeline] load
[Pipeline] { (bucket/bucket_pre.groovy)
[Pipeline] load
[Pipeline] { (bucket/bucket_pre.groovy)
[Pipeline] }
[Pipeline] }
[Pipeline] // load
[Pipeline] // load
[Pipeline] ansiColor
[Pipeline] {

[Pipeline] ansiColor
[Pipeline] {

[Pipeline] echo
[26-09-16 23:45] [34mINFO: Knowledge Accelerators pre check starting[0m
[Pipeline] }

[Pipeline] echo
[26-09-16 23:45] [34mINFO: Glossary pre check starting[0m
[Pipeline] }

[Pipeline] // ansiColor
[Pipeline] // ansiColor
[Pipeline] load
[Pipeline] { (bucket/bucket.groovy)
[Pipeline] load
[Pipeline] { (groovy/wkc/sanity/util/bucket_precheck/glossary.groovy)
[Pipeline] }
[Pipeline] }
[Pipeline] // load
[Pipeline] // load
[Pipeline] catchError
[Pipeline] {
[Pipeline] load
[Pipeline] { (util/job_local_retry.groovy)
[Pipeline] }
[Pipeline] ansiColor
[Pipeline] {

[Pipeline] // load
[Pipeline] echo
[26-09-16 23:45] [34mINFO: Knowledge Accelerators validation starting[0m
[Pipeline] }

[Pipeline] ansiColor
[Pipeline] {

[Pipeline] // ansiColor
[Pipeline] load
[Pipeline] { (dashboard/bucket.groovy)
[Pipeline] echo
[26-09-16 23:45] [34mINFO: Building local job GlossaryPrecheck, try #1[0m
[Pipeline] }

[Pipeline] }
[Pipeline] // ansiColor
[Pipeline] build
Scheduling project: GlossaryPrecheck
[Pipeline] // load
[Pipeline] load
[Pipeline] { (dashboard/pipeline.groovy)
[Pipeline] }
[Pipeline] // load
[Pipeline] catchError
[Pipeline] {
[Pipeline] sh
[Pipeline] readJSON
[Pipeline] ansiColor
[Pipeline] {

[Pipeline] echo
[26-09-16 23:45] [34mINFO: Added Dashboard Bucket 323014[0m
[Pipeline] }

[Pipeline] // ansiColor
[Pipeline] }
[Pipeline] // catchError
[Pipeline] withCredentials
Masking supported pattern matches of $API_TOKEN
[Pipeline] {
[Pipeline] timeout
Timeout set to expire in 20 min
[Pipeline] {
[Pipeline] load
[Pipeline] { (util/job_remote_retry.groovy)
[Pipeline] }
[Pipeline] // load
[Pipeline] ansiColor
[Pipeline] {

Starting building: GlossaryPrecheck #4727
[Pipeline] echo
[26-09-16 23:46] [34mINFO: Building remote job Knowledge Accelerators, try #1[0m
[Pipeline] }

[Pipeline] // ansiColor
[Pipeline] triggerRemoteJob
################################################################################################################
  Parameterized Remote Trigger Configuration:
    - job:                     Knowledge_Accelerators/Development/Test/ka_rvt_cpd 
    - remoteJenkinsName:       hyc-dataconn-team-ka-jenkins
    - parameters:              {Cluster Code=418ocs08f, ROOT_PWD=Th3P!r@t3P7an3t, Product=WKC, WDP_SERVICE_ID="YVdOd05HUXRaR1YyT25Zd2VHRm9PRzloUlRkcGFHMD0=", OC_USER=kubeadmin, OC API URL=https://api.418ocs08f.cp.fyre.ibm.com:6443, Parent Job URL=http://wkc-jenkins-app.fyre.ibm.com:8080/blue/organizations/jenkins/Overseer/detail/Ironwood/2678/pipeline/, MACHINE_IP=cpd-wxdi.apps.418ocs08f.cp.fyre.ibm.com, OC Namespace=wxdi, OC Token=, OMAG E2E=Skip Workload, Architecture=x, VAULT_TYPE=NONE, Secured By=NONE, Vault Type=NONE, OC_TOKEN=, PASSWORD=ExndOfab0RiK, Override Options=, OC_NAMESPACE=wxdi, OC Password=rwrRo-KjrFa-gFjhP-HN6gN, Build IDs=CustomRun:true, Legend=Custom Stage Run, Diagnostics=true, OC_PASSWORD=rwrRo-KjrFa-gFjhP-HN6gN, WKC_PASSWORD=ExndOfab0RiK, CP_CONSOLE=https://console-openshift-console.apps.418ocs08f.cp.fyre.ibm.com, Slack Channels=ironwood-build-info, URL=https://cpd-wxdi.apps.418ocs08f.cp.fyre.ibm.com, OC_URL=https://api.418ocs08f.cp.fyre.ibm.com:6443, WKC_HOST=cpd-wxdi.apps.418ocs08f.cp.fyre.ibm.com, ROOT_PASSWORD=Th3P!r@t3P7an3t, SECURED_BY=NONE, Branch=Ironwood, Scorecard=CX 5.4.0 WKC, OC_PASS=rwrRo-KjrFa-gFjhP-HN6gN, Release=5.4.0, CP4D Project URL=https://cpd-wxdi.apps.418ocs08f.cp.fyre.ibm.com, Password=ExndOfab0RiK, User_Name=admin, WKC_URL=https://cpd-wxdi.apps.418ocs08f.cp.fyre.ibm.com, WKC_USERNAME=admin, Scale=Small, Pipeline=api:http://devoptics-app.fyre.ibm.com/api/overlord_products/foundation/?name=WKC&type=Regression&release=5.4.0, Type=Regression, Admin User=admin, Openshift Console URL=https://console-openshift-console.apps.418ocs08f.cp.fyre.ibm.com, Git Repository=, Root Password=Th3P!r@t3P7an3t, OC User=kubeadmin, Admin Password=ExndOfab0RiK, PlatformType=x, Operator Namespace=wxdi-operators}
    - blockBuildUntilComplete: false
    - connectionRetryLimit:    5
    - trustAllCertificates:    false
################################################################################################################
Triggering parameterized remote job 'https://hyc-dataconn-team-ka-jenkins.swg-devops.com/job/Knowledge_Accelerators/job/Development/job/Test/job/ka_rvt_cpd'
  Using globally defined 'Token Authentication' as user 'bff@us.ibm.com'
Triggering remote job now.
[Pipeline] echo
Triggered parameterized remote job url (Knowledge Accelerators): https://hyc-dataconn-team-ka-jenkins.swg-devops.com/job/Knowledge_Accelerators/job/Development/job/Test/job/ka_rvt_cpd/561/
[Pipeline] load
[Pipeline] { (dashboard/bucket.groovy)
[Pipeline] }
Build GlossaryPrecheck #4727 completed: SUCCESS
[Pipeline] // load
[Pipeline] load
[Pipeline] { (bucket/bucket.groovy)
[Pipeline] load
[Pipeline] { (dashboard/pipeline.groovy)
[Pipeline] }
[Pipeline] }
[Pipeline] // load
[Pipeline] // load
[Pipeline] catchError
[Pipeline] {
[Pipeline] catchError
[Pipeline] {
[Pipeline] ansiColor
[Pipeline] {

[Pipeline] sh
[Pipeline] echo
[26-09-16 23:46] [34mINFO: Glossary validation starting[0m
[Pipeline] }

[Pipeline] readJSON
[Pipeline] // ansiColor
[Pipeline] load
[Pipeline] { (dashboard/bucket.groovy)
[Pipeline] ansiColor
[Pipeline] {

[Pipeline] }
[Pipeline] echo
[26-09-16 23:46] [34mINFO: Updated Dashboard Bucket 323014[0m
[Pipeline] }

[Pipeline] // load
[Pipeline] // ansiColor
[Pipeline] load
[Pipeline] { (dashboard/pipeline.groovy)
[Pipeline] }
[Pipeline] }
[Pipeline] // catchError
[Pipeline] waitUntil
[Pipeline] {
[Pipeline] // load
[Pipeline] catchError
[Pipeline] {
[Pipeline] }
[Pipeline] sh
[Pipeline] readJSON
[Pipeline] ansiColor
[Pipeline] {

[Pipeline] echo
[26-09-16 23:46] [34mINFO: Added Dashboard Bucket 323015[0m
[Pipeline] }

[Pipeline] // ansiColor
[Pipeline] }
[Pipeline] // catchError
[Pipeline] withCredentials
Masking supported pattern matches of $API_TOKEN
[Pipeline] {
[Pipeline] timeout
Timeout set to expire in 1 hr 45 min
[Pipeline] {
[Pipeline] load
[Pipeline] { (util/job_remote_retry.groovy)
[Pipeline] }
[Pipeline] // load
[Pipeline] ansiColor
[Pipeline] {

[Pipeline] echo
[26-09-16 23:46] [34mINFO: Building remote job Glossary, try #1[0m
[Pipeline] }

[Pipeline] // ansiColor
[Pipeline] triggerRemoteJob
################################################################################################################
  Parameterized Remote Trigger Configuration:
    - job:                     qa-automation-tests-cracow/glossary-rvt 
    - remoteJenkinsName:       wkc-jenkins-app
    - parameters:              {Cluster Code=418ocs08f, ROOT_PWD=Th3P!r@t3P7an3t, Product=WKC, WDP_SERVICE_ID="YVdOd05HUXRaR1YyT25Zd2VHRm9PRzloUlRkcGFHMD0=", OC_USER=kubeadmin, OC API URL=https://api.418ocs08f.cp.fyre.ibm.com:6443, Parent Job URL=http://wkc-jenkins-app.fyre.ibm.com:8080/blue/organizations/jenkins/Overseer/detail/Ironwood/2678/pipeline/, MACHINE_IP=cpd-wxdi.apps.418ocs08f.cp.fyre.ibm.com, OC Namespace=wxdi, OC Token=, OMAG E2E=Skip Workload, Architecture=x, VAULT_TYPE=NONE, Secured By=NONE, Vault Type=NONE, OC_TOKEN=, PASSWORD=ExndOfab0RiK, Override Options=, OC_NAMESPACE=wxdi, OC Password=rwrRo-KjrFa-gFjhP-HN6gN, Build IDs=CustomRun:true, Legend=Custom Stage Run, Diagnostics=true, OC_PASSWORD=rwrRo-KjrFa-gFjhP-HN6gN, WKC_PASSWORD=ExndOfab0RiK, CP_CONSOLE=https://console-openshift-console.apps.418ocs08f.cp.fyre.ibm.com, Slack Channels=ironwood-build-info, URL=https://cpd-wxdi.apps.418ocs08f.cp.fyre.ibm.com, OC_URL=https://api.418ocs08f.cp.fyre.ibm.com:6443, WKC_HOST=cpd-wxdi.apps.418ocs08f.cp.fyre.ibm.com, ROOT_PASSWORD=Th3P!r@t3P7an3t, SECURED_BY=NONE, Branch=Ironwood, Scorecard=CX 5.4.0 WKC, OC_PASS=rwrRo-KjrFa-gFjhP-HN6gN, Release=5.4.0, CP4D Project URL=https://cpd-wxdi.apps.418ocs08f.cp.fyre.ibm.com, Password=ExndOfab0RiK, User_Name=admin, WKC_URL=https://cpd-wxdi.apps.418ocs08f.cp.fyre.ibm.com, WKC_USERNAME=admin, Scale=Small, Pipeline=api:http://devoptics-app.fyre.ibm.com/api/overlord_products/foundation/?name=WKC&type=Regression&release=5.4.0, Type=Regression, Admin User=admin, Openshift Console URL=https://console-openshift-console.apps.418ocs08f.cp.fyre.ibm.com, Git Repository=, Root Password=Th3P!r@t3P7an3t, OC User=kubeadmin, Admin Password=ExndOfab0RiK, PlatformType=x, Operator Namespace=wxdi-operators}
    - blockBuildUntilComplete: false
    - connectionRetryLimit:    5
    - trustAllCertificates:    false
################################################################################################################
Triggering parameterized remote job 'http://wkc-jenkins-app.fyre.ibm.com:8080/job/qa-automation-tests-cracow/job/glossary-rvt'
  Using globally defined 'Token Authentication' as user 'bff@us.ibm.com'
Triggering remote job now.
[Pipeline] echo
Triggered parameterized remote job url (Glossary): http://wkc-jenkins-app.fyre.ibm.com:8080/job/qa-automation-tests-cracow/job/glossary-rvt/2482/
[Pipeline] load
[Pipeline] { (dashboard/bucket.groovy)
[Pipeline] }
[Pipeline] // load
[Pipeline] load
[Pipeline] { (dashboard/pipeline.groovy)
[Pipeline] }
[Pipeline] // load
[Pipeline] catchError
[Pipeline] {
[Pipeline] sh
[Pipeline] readJSON
[Pipeline] ansiColor
[Pipeline] {

[Pipeline] echo
[26-09-16 23:46] [34mINFO: Updated Dashboard Bucket 323015[0m
[Pipeline] }

[Pipeline] // ansiColor
[Pipeline] {
[Pipeline] }
[Pipeline] }
[Pipeline] // catchError
[Pipeline] waitUntil
[Pipeline] {
[Pipeline] }
[Pipeline] {
[Pipeline] }
[Pipeline] {
[Pipeline] }
[Pipeline] {
[Pipeline] }
[Pipeline] {
[Pipeline] }
[Pipeline] {
[Pipeline] }
[Pipeline] {
[Pipeline] }
[Pipeline] {
[Pipeline] }
[Pipeline] {
[Pipeline] }
[Pipeline] {
[Pipeline] }
[Pipeline] {
[Pipeline] }
[Pipeline] {
[Pipeline] ansiColor
[Pipeline] {

[Pipeline] echo
[26-09-16 23:48] [34mINFO: Bucket Knowledge Accelerators current status: RUNNING (2 minutes, 5.771 seconds)[0m
[Pipeline] }

[Pipeline] // ansiColor
[Pipeline] echo
Triggered job url (Knowledge Accelerators): https://hyc-dataconn-team-ka-jenkins.swg-devops.com/job/Knowledge_Accelerators/job/Development/job/Test/job/ka_rvt_cpd/561/
[Pipeline] }
[Pipeline] {
[Pipeline] }
[Pipeline] {
[Pipeline] }
[Pipeline] {
[Pipeline] ansiColor
[Pipeline] {

[Pipeline] echo
[26-09-16 23:48] [34mINFO: Bucket Glossary current status: RUNNING (2 minutes, 6.707 seconds)[0m
[Pipeline] }

[Pipeline] // ansiColor
[Pipeline] echo
Triggered job url (Glossary): http://wkc-jenkins-app.fyre.ibm.com:8080/job/qa-automation-tests-cracow/job/glossary-rvt/2482/
[Pipeline] }
[Pipeline] {
[Pipeline] }
[Pipeline] {
[Pipeline] }
[Pipeline] {
[Pipeline] }
[Pipeline] {
[Pipeline] }
[Pipeline] {
[Pipeline] }
[Pipeline] {
[Pipeline] }
[Pipeline] {
[Pipeline] }
[Pipeline] {
[Pipeline] }
[Pipeline] {
[Pipeline] }
[Pipeline] {
[Pipeline] }
[Pipeline] {
[Pipeline] }
[Pipeline] {
[Pipeline] }
[Pipeline] {
[Pipeline] }
[Pipeline] {
[Pipeline] }
[Pipeline] {
[Pipeline] }
[Pipeline] {
[Pipeline] }
[Pipeline] {
[Pipeline] }
[Pipeline] {
[Pipeline] }
[Pipeline] {
[Pipeline] }
[Pipeline] {
[Pipeline] }
[Pipeline] {
[Pipeline] }
[Pipeline] {
[Pipeline] }
[Pipeline] {
[Pipeline] }
[Pipeline] {
[Pipeline] }
[Pipeline] {
[Pipeline] }
[Pipeline] {
[Pipeline] }
[Pipeline] {
[Pipeline] }
[Pipeline] {
[Pipeline] }
[Pipeline] {
[Pipeline] }
[Pipeline] {
[Pipeline] }
[Pipeline] {
[Pipeline] }
[Pipeline] {
[Pipeline] }
[Pipeline] {
[Pipeline] }
[Pipeline] {
[Pipeline] }
[Pipeline] {
[Pipeline] }
[Pipeline] {
[Pipeline] }
[Pipeline] {
[Pipeline] }
[Pipeline] {
[Pipeline] }
[Pipeline] {
[Pipeline] }
[Pipeline] // waitUntil
[Pipeline] }
[Pipeline] // timeout
[Pipeline] }
[Pipeline] // withCredentials
[Pipeline] }
[Pipeline] // catchError
[Pipeline] load
[Pipeline] { (bucket/bucket_post.groovy)
[Pipeline] }
[Pipeline] // load
[Pipeline] ansiColor
[Pipeline] {

[Pipeline] echo
[26-09-16 23:53] [34mINFO: Knowledge Accelerators post starting[0m
[Pipeline] }

[Pipeline] // ansiColor
[Pipeline] catchError
[Pipeline] {
[Pipeline] load
[Pipeline] { (dashboard/bucket.groovy)
[Pipeline] }
[Pipeline] // load
[Pipeline] load
[Pipeline] { (dashboard/pipeline.groovy)
[Pipeline] }
[Pipeline] // load
[Pipeline] catchError
[Pipeline] {
[Pipeline] withCredentials
Masking supported pattern matches of $API_TOKEN
[Pipeline] {
[Pipeline] sh
Warning: A secret was passed to "sh" using Groovy String interpolation, which is insecure.
		 Affected argument(s) used the following variable(s): [API_TOKEN]
		 See https://jenkins.io/redirect/groovy-string-interpolation for details.
[Pipeline] readJSON
[Pipeline] readJSON
[Pipeline] {
[Pipeline] sh
Warning: A secret was passed to "sh" using Groovy String interpolation, which is insecure.
		 Affected argument(s) used the following variable(s): [API_TOKEN]
		 See https://jenkins.io/redirect/groovy-string-interpolation for details.
[Pipeline] }
[Pipeline] readJSON
[Pipeline] sh
[Pipeline] readJSON
[Pipeline] ansiColor
[Pipeline] {

[Pipeline] echo
[26-09-16 23:54] [34mINFO: Updated Dashboard Bucket 323014[0m
[Pipeline] }

[Pipeline] // ansiColor
[Pipeline] }
[Pipeline] // withCredentials
[Pipeline] }
[Pipeline] // catchError
[Pipeline] load
[Pipeline] { (robobug/robobug.groovy)
[Pipeline] }
[Pipeline] // load
[Pipeline] load
[Pipeline] { (robobug/close_issue.groovy)
[Pipeline] }
[Pipeline] // load
[Pipeline] build
Scheduling project: CloseGithubIssue
[Pipeline] ansiColor
[Pipeline] {

[Pipeline] echo
[26-09-16 23:54] [32mPASS: Knowledge Accelerators bucket passed[0m
[Pipeline] }

[Pipeline] // ansiColor
[Pipeline] catchError
[Pipeline] {
[Pipeline] ansiColor
[Pipeline] {

[Pipeline] echo
[26-09-16 23:54] [34mINFO: Entering the JunitTestRail integration block.[0m
[Pipeline] }

[Pipeline] // ansiColor
[Pipeline] withCredentials
Masking supported pattern matches of $JENKINS_API_TOKEN or $USERNAME or $TESTRAIL_API_TOKEN
[Pipeline] {
[Pipeline] error
[Pipeline] }
[Pipeline] // withCredentials
[Pipeline] }
ERROR: No project name was found, quit further processing.
[Pipeline] // catchError
[Pipeline] }
[Pipeline] // catchError
[Pipeline] }
[Pipeline] // script
[Pipeline] {
[Pipeline] }
[Pipeline] }
[Pipeline] // stage
[Pipeline] }
[Pipeline] {
[Pipeline] }
[Pipeline] {
[Pipeline] }
[Pipeline] {
[Pipeline] }
[Pipeline] {
[Pipeline] }
[Pipeline] {
[Pipeline] }
[Pipeline] {
[Pipeline] }
[Pipeline] {
[Pipeline] }
[Pipeline] {
[Pipeline] }
[Pipeline] {
[Pipeline] }
[Pipeline] {
[Pipeline] }
[Pipeline] {
[Pipeline] }
[Pipeline] {
[Pipeline] }
[Pipeline] {
[Pipeline] }
[Pipeline] {
[Pipeline] }
[Pipeline] {
[Pipeline] ansiColor
[Pipeline] {

[Pipeline] echo
[26-09-16 23:58] [34mINFO: Bucket Glossary current status: RUNNING (12 minutes, 5.721 seconds)[0m
[Pipeline] }

[Pipeline] // ansiColor
[Pipeline] echo
Triggered job url (Glossary): http://wkc-jenkins-app.fyre.ibm.com:8080/job/qa-automation-tests-cracow/job/glossary-rvt/2482/
[Pipeline] }
[Pipeline] {
[Pipeline] }
[Pipeline] {
[Pipeline] }
[Pipeline] {
[Pipeline] }
[Pipeline] {
[Pipeline] }
[Pipeline] {
[Pipeline] }
[Pipeline] {
[Pipeline] }
[Pipeline] {
[Pipeline] }
[Pipeline] {
[Pipeline] }
[Pipeline] {
[Pipeline] }
[Pipeline] {
[Pipeline] }
[Pipeline] {
[Pipeline] }
[Pipeline] {
[Pipeline] }
[Pipeline] {
[Pipeline] }
[Pipeline] {
[Pipeline] }
[Pipeline] {
[Pipeline] }
[Pipeline] {
[Pipeline] }
[Pipeline] {
[Pipeline] }
[Pipeline] {
[Pipeline] }
[Pipeline] {
[Pipeline] }
[Pipeline] {
[Pipeline] }
[Pipeline] {
[Pipeline] }
[Pipeline] {
[Pipeline] }
[Pipeline] {
[Pipeline] }
[Pipeline] {
[Pipeline] }
[Pipeline] {
[Pipeline] }
[Pipeline] {
[Pipeline] }
[Pipeline] {
[Pipeline] }
[Pipeline] {
[Pipeline] }
[Pipeline] {
[Pipeline] }
[Pipeline] {
[Pipeline] }
[Pipeline] {
[Pipeline] }
[Pipeline] {
[Pipeline] }
[Pipeline] {
[Pipeline] }
[Pipeline] {
[Pipeline] }
[Pipeline] {
[Pipeline] }
[Pipeline] {
[Pipeline] ansiColor
[Pipeline] {

[Pipeline] echo
[26-09-17 00:08] [34mINFO: Bucket Glossary current status: RUNNING (22 minutes, 3.870 seconds)[0m
[Pipeline] }

[Pipeline] // ansiColor
[Pipeline] echo
Triggered job url (Glossary): http://wkc-jenkins-app.fyre.ibm.com:8080/job/qa-automation-tests-cracow/job/glossary-rvt/2482/
[Pipeline] }
[Pipeline] {
[Pipeline] }
[Pipeline] {
[Pipeline] }
[Pipeline] {
[Pipeline] }
[Pipeline] {
[Pipeline] }
[Pipeline] {
[Pipeline] }
[Pipeline] {
[Pipeline] }
[Pipeline] {
[Pipeline] }
[Pipeline] {
[Pipeline] }
[Pipeline] {
[Pipeline] }
[Pipeline] {
[Pipeline] }
[Pipeline] {
[Pipeline] }
[Pipeline] {
[Pipeline] }
[Pipeline] {
[Pipeline] }
[Pipeline] {
[Pipeline] }
[Pipeline] {
[Pipeline] }
[Pipeline] {
[Pipeline] }
[Pipeline] {
[Pipeline] }
[Pipeline] {
[Pipeline] }
[Pipeline] {
[Pipeline] }
[Pipeline] {
[Pipeline] }
[Pipeline] {
[Pipeline] }
[Pipeline] {
[Pipeline] }
[Pipeline] {
[Pipeline] }
[Pipeline] {
[Pipeline] }
[Pipeline] {
[Pipeline] }
[Pipeline] {
[Pipeline] }
[Pipeline] {
[Pipeline] }
[Pipeline] {
[Pipeline] }
[Pipeline] {
[Pipeline] }
[Pipeline] {
[Pipeline] }
[Pipeline] {
[Pipeline] }
[Pipeline] {
[Pipeline] }
[Pipeline] {
[Pipeline] }
[Pipeline] {
[Pipeline] }
[Pipeline] {
[Pipeline] }
[Pipeline] {
[Pipeline] ansiColor
[Pipeline] {

[Pipeline] echo
[26-09-17 00:18] [34mINFO: Bucket Glossary current status: RUNNING (32 minutes, 1.921 seconds)[0m
[Pipeline] }

[Pipeline] // ansiColor
[Pipeline] echo
Triggered job url (Glossary): http://wkc-jenkins-app.fyre.ibm.com:8080/job/qa-automation-tests-cracow/job/glossary-rvt/2482/
[Pipeline] }
[Pipeline] {
[Pipeline] }
[Pipeline] {
[Pipeline] }
[Pipeline] {
[Pipeline] }
[Pipeline] {
[Pipeline] }
[Pipeline] {
[Pipeline] }
[Pipeline] {
[Pipeline] }
[Pipeline] {
[Pipeline] }
[Pipeline] {
[Pipeline] }
[Pipeline] {
[Pipeline] }
[Pipeline] {
[Pipeline] }
[Pipeline] {
[Pipeline] }
[Pipeline] {
[Pipeline] }
[Pipeline] {
[Pipeline] }
[Pipeline] {
[Pipeline] }
[Pipeline] {
[Pipeline] }
[Pipeline] {
[Pipeline] }
[Pipeline] {
[Pipeline] }
[Pipeline] {
[Pipeline] }
[Pipeline] {
[Pipeline] }
[Pipeline] {
[Pipeline] }
[Pipeline] {
[Pipeline] }
[Pipeline] {
[Pipeline] }
[Pipeline] {
[Pipeline] }
[Pipeline] {
[Pipeline] }
[Pipeline] {
[Pipeline] }
[Pipeline] {
[Pipeline] }
[Pipeline] {
[Pipeline] }
[Pipeline] {
[Pipeline] }
[Pipeline] {
[Pipeline] }
[Pipeline] {
[Pipeline] }
[Pipeline] {
[Pipeline] }
[Pipeline] {
[Pipeline] }
[Pipeline] {
[Pipeline] }
[Pipeline] {
[Pipeline] }
[Pipeline] {
[Pipeline] }
[Pipeline] {
[Pipeline] ansiColor
[Pipeline] {

[Pipeline] echo
[26-09-17 00:28] [34mINFO: Bucket Glossary current status: RUNNING (42 minutes, 8.426 seconds)[0m
[Pipeline] }

[Pipeline] // ansiColor
[Pipeline] echo
Triggered job url (Glossary): http://wkc-jenkins-app.fyre.ibm.com:8080/job/qa-automation-tests-cracow/job/glossary-rvt/2482/
[Pipeline] }
[Pipeline] {
[Pipeline] }
[Pipeline] {
[Pipeline] }
[Pipeline] {
[Pipeline] }
[Pipeline] {
[Pipeline] }
[Pipeline] {
[Pipeline] }
[Pipeline] {
[Pipeline] }
[Pipeline] {
[Pipeline] }
[Pipeline] {
[Pipeline] }
[Pipeline] {
[Pipeline] }
[Pipeline] {
[Pipeline] }
[Pipeline] {
[Pipeline] }
[Pipeline] {
[Pipeline] }
[Pipeline] {
[Pipeline] }
[Pipeline] {
[Pipeline] }
[Pipeline] {
[Pipeline] }
[Pipeline] {
[Pipeline] }
[Pipeline] {
[Pipeline] }
[Pipeline] {
[Pipeline] }
[Pipeline] {
[Pipeline] }
[Pipeline] {
[Pipeline] }
[Pipeline] {
[Pipeline] }
[Pipeline] {
[Pipeline] }
[Pipeline] {
[Pipeline] }
[Pipeline] {
[Pipeline] }
[Pipeline] {
[Pipeline] }
[Pipeline] {
[Pipeline] }
[Pipeline] {
[Pipeline] }
[Pipeline] {
[Pipeline] }
[Pipeline] {
[Pipeline] }
[Pipeline] {
[Pipeline] }
[Pipeline] {
[Pipeline] }
[Pipeline] {
[Pipeline] }
[Pipeline] {
[Pipeline] }
[Pipeline] {
[Pipeline] }
[Pipeline] {
[Pipeline] }
[Pipeline] {
[Pipeline] ansiColor
[Pipeline] {

[Pipeline] echo
[26-09-17 00:38] [34mINFO: Bucket Glossary current status: RUNNING (52 minutes, 8.809 seconds)[0m
[Pipeline] }

[Pipeline] // ansiColor
[Pipeline] echo
Triggered job url (Glossary): http://wkc-jenkins-app.fyre.ibm.com:8080/job/qa-automation-tests-cracow/job/glossary-rvt/2482/
[Pipeline] }
[Pipeline] {
[Pipeline] }
[Pipeline] {
[Pipeline] }
[Pipeline] {
[Pipeline] }
[Pipeline] {
[Pipeline] }
[Pipeline] {
[Pipeline] }
[Pipeline] // waitUntil
[Pipeline] }
[Pipeline] // timeout
[Pipeline] }
[Pipeline] // withCredentials
[Pipeline] }
[Pipeline] // catchError
[Pipeline] load
[Pipeline] { (bucket/bucket_post.groovy)
[Pipeline] }
[Pipeline] // load
[Pipeline] ansiColor
[Pipeline] {

[Pipeline] echo
[26-09-17 00:40] [34mINFO: Glossary post starting[0m
[Pipeline] }

[Pipeline] // ansiColor
[Pipeline] catchError
[Pipeline] {
[Pipeline] load
[Pipeline] { (dashboard/bucket.groovy)
[Pipeline] }
[Pipeline] // load
[Pipeline] load
[Pipeline] { (dashboard/pipeline.groovy)
[Pipeline] }
[Pipeline] // load
[Pipeline] catchError
[Pipeline] {
[Pipeline] withCredentials
Masking supported pattern matches of $API_TOKEN
[Pipeline] {
[Pipeline] sh
Warning: A secret was passed to "sh" using Groovy String interpolation, which is insecure.
		 Affected argument(s) used the following variable(s): [API_TOKEN]
		 See https://jenkins.io/redirect/groovy-string-interpolation for details.
[Pipeline] readJSON
[Pipeline] readJSON
[Pipeline] sh
Warning: A secret was passed to "sh" using Groovy String interpolation, which is insecure.
		 Affected argument(s) used the following variable(s): [API_TOKEN]
		 See https://jenkins.io/redirect/groovy-string-interpolation for details.
[Pipeline] readJSON
[Pipeline] sh
[Pipeline] readJSON
[Pipeline] ansiColor
[Pipeline] {

[Pipeline] echo
[26-09-17 00:40] [34mINFO: Updated Dashboard Bucket 323015[0m
[Pipeline] }

[Pipeline] // ansiColor
[Pipeline] }
[Pipeline] // withCredentials
[Pipeline] }
[Pipeline] // catchError
[Pipeline] load
[Pipeline] { (robobug/robobug.groovy)
[Pipeline] }
[Pipeline] // load
[Pipeline] load
[Pipeline] { (robobug/close_issue.groovy)
[Pipeline] }
[Pipeline] // load
[Pipeline] build
Scheduling project: CloseGithubIssue
[Pipeline] ansiColor
[Pipeline] {

[Pipeline] echo
[26-09-17 00:40] [32mPASS: Glossary bucket passed[0m
[Pipeline] }

[Pipeline] // ansiColor
[Pipeline] catchError
[Pipeline] {
[Pipeline] ansiColor
[Pipeline] {

[Pipeline] echo
[26-09-17 00:40] [34mINFO: Entering the JunitTestRail integration block.[0m
[Pipeline] }

[Pipeline] // ansiColor
[Pipeline] withCredentials
Masking supported pattern matches of $JENKINS_API_TOKEN or $USERNAME or $TESTRAIL_API_TOKEN
[Pipeline] {
[Pipeline] error
[Pipeline] }
[Pipeline] // withCredentials
[Pipeline] }
ERROR: No project name was found, quit further processing.
[Pipeline] // catchError
[Pipeline] }
[Pipeline] // catchError
[Pipeline] }
[Pipeline] // script
[Pipeline] }
[Pipeline] // stage
[Pipeline] }
[Pipeline] // parallel
[Pipeline] }
[Pipeline] // script
[Pipeline] }
[Pipeline] // stage
[Pipeline] stage
[Pipeline] { (Batch 2)
[Pipeline] script
[Pipeline] {
[Pipeline] parallel
[Pipeline] { (Branch: Global Search)
[Pipeline] { (Branch: CAMS)
[Pipeline] { (Branch: Profiling)
[Pipeline] { (Branch: Connectivity)
[Pipeline] { (Branch: TGEN)
[Pipeline] stage
[Pipeline] { (Global Search)
[Pipeline] stage
[Pipeline] { (CAMS)
[Pipeline] stage
[Pipeline] { (Profiling)
[Pipeline] stage
[Pipeline] { (Connectivity)
[Pipeline] stage
[Pipeline] { (TGEN)
[Pipeline] script
[Pipeline] {
[Pipeline] script
[Pipeline] {
[Pipeline] script
[Pipeline] {
[Pipeline] script
[Pipeline] {
[Pipeline] script
[Pipeline] {
[Pipeline] load
[Pipeline] { (bucket/bucket_pre.groovy)
[Pipeline] load
[Pipeline] { (bucket/bucket_pre.groovy)
[Pipeline] load
[Pipeline] { (bucket/bucket_pre.groovy)
[Pipeline] load
[Pipeline] { (bucket/bucket_pre.groovy)
[Pipeline] load
[Pipeline] { (bucket/bucket_pre.groovy)
[Pipeline] }
[Pipeline] }
[Pipeline] }
[Pipeline] }
[Pipeline] }
[Pipeline] // load
[Pipeline] // load
[Pipeline] // load
[Pipeline] // load
[Pipeline] // load
[Pipeline] ansiColor
[Pipeline] {

[Pipeline] ansiColor
[Pipeline] {

[Pipeline] ansiColor
[Pipeline] {

[Pipeline] ansiColor
[Pipeline] {

[Pipeline] ansiColor
[Pipeline] {

[Pipeline] echo
[26-09-17 00:40] [34mINFO: Global Search pre check starting[0m
[Pipeline] }

[Pipeline] echo
[26-09-17 00:40] [34mINFO: CAMS pre check starting[0m
[Pipeline] }

[Pipeline] echo
[26-09-17 00:40] [34mINFO: Profiling pre check starting[0m
[Pipeline] }

[Pipeline] echo
[26-09-17 00:40] [34mINFO: Connectivity pre check starting[0m
[Pipeline] }

[Pipeline] echo
[26-09-17 00:40] [34mINFO: TGEN pre check starting[0m
[Pipeline] }

[Pipeline] // ansiColor
[Pipeline] // ansiColor
[Pipeline] // ansiColor
[Pipeline] // ansiColor
[Pipeline] // ansiColor
[Pipeline] load
[Pipeline] { (bucket/bucket.groovy)
[Pipeline] }
[Pipeline] load
[Pipeline] { (bucket/bucket.groovy)
[Pipeline] load
[Pipeline] { (bucket/bucket.groovy)
[Pipeline] load
[Pipeline] { (bucket/bucket.groovy)
[Pipeline] load
[Pipeline] { (bucket/bucket.groovy)
[Pipeline] }
[Pipeline] }
[Pipeline] }
[Pipeline] }
[Pipeline] // load
[Pipeline] catchError
[Pipeline] {
[Pipeline] ansiColor
[Pipeline] {

[Pipeline] // load
[Pipeline] // load
[Pipeline] // load
[Pipeline] // load
[Pipeline] echo
[26-09-17 00:40] [34mINFO: TGEN validation starting[0m
[Pipeline] }

[Pipeline] catchError
[Pipeline] {
[Pipeline] catchError
[Pipeline] {
[Pipeline] catchError
[Pipeline] {
[Pipeline] catchError
[Pipeline] {
[Pipeline] ansiColor
[Pipeline] {

[Pipeline] ansiColor
[Pipeline] {

[Pipeline] ansiColor
[Pipeline] {

[Pipeline] ansiColor
[Pipeline] {

[Pipeline] echo
[26-09-17 00:40] [34mINFO: Global Search validation starting[0m
[Pipeline] }

[Pipeline] echo
[26-09-17 00:40] [34mINFO: CAMS validation starting[0m
[Pipeline] }

[Pipeline] echo
[26-09-17 00:40] [34mINFO: Profiling validation starting[0m
[Pipeline] }

[Pipeline] echo
[26-09-17 00:40] [34mINFO: Connectivity validation starting[0m
[Pipeline] }

[Pipeline] // ansiColor
[Pipeline] load
[Pipeline] { (dashboard/bucket.groovy)
[Pipeline] }
[Pipeline] // ansiColor
[Pipeline] // ansiColor
[Pipeline] // ansiColor
[Pipeline] // ansiColor
[Pipeline] load
[Pipeline] { (dashboard/bucket.groovy)
[Pipeline] load
[Pipeline] { (dashboard/bucket.groovy)
[Pipeline] load
[Pipeline] { (dashboard/bucket.groovy)
[Pipeline] load
[Pipeline] { (dashboard/bucket.groovy)
[Pipeline] }
[Pipeline] }
[Pipeline] }
[Pipeline] }
[Pipeline] // load
[Pipeline] load
[Pipeline] { (dashboard/pipeline.groovy)
[Pipeline] }
[Pipeline] // load
[Pipeline] // load
[Pipeline] // load
[Pipeline] // load
[Pipeline] load
[Pipeline] { (dashboard/pipeline.groovy)
[Pipeline] load
[Pipeline] { (dashboard/pipeline.groovy)
[Pipeline] load
[Pipeline] { (dashboard/pipeline.groovy)
[Pipeline] load
[Pipeline] { (dashboard/pipeline.groovy)
[Pipeline] }
[Pipeline] }
[Pipeline] }
[Pipeline] }
[Pipeline] // load
[Pipeline] catchError
[Pipeline] {
[Pipeline] sh
[Pipeline] // load
[Pipeline] // load
[Pipeline] // load
[Pipeline] // load
[Pipeline] catchError
[Pipeline] {
[Pipeline] catchError
[Pipeline] {
[Pipeline] catchError
[Pipeline] {
[Pipeline] catchError
[Pipeline] {
[Pipeline] sh
[Pipeline] sh
[Pipeline] sh
[Pipeline] sh
[Pipeline] readJSON
[Pipeline] readJSON
[Pipeline] readJSON
[Pipeline] readJSON
[Pipeline] readJSON
[Pipeline] ansiColor
[Pipeline] {

[Pipeline] echo
[26-09-17 00:41] [34mINFO: Added Dashboard Bucket 323020[0m
[Pipeline] }

[Pipeline] ansiColor
[Pipeline] {

[Pipeline] ansiColor
[Pipeline] {

[Pipeline] ansiColor
[Pipeline] {

[Pipeline] ansiColor
[Pipeline] {

[Pipeline] echo
[26-09-17 00:41] [34mINFO: Added Dashboard Bucket 323021[0m
[Pipeline] }

[Pipeline] echo
[26-09-17 00:41] [34mINFO: Added Dashboard Bucket 323022[0m
[Pipeline] }

[Pipeline] echo
[26-09-17 00:41] [34mINFO: Added Dashboard Bucket 323023[0m
[Pipeline] }

[Pipeline] echo
[26-09-17 00:41] [34mINFO: Added Dashboard Bucket 323024[0m
[Pipeline] }

[Pipeline] // ansiColor
[Pipeline] }
[Pipeline] // ansiColor
[Pipeline] // ansiColor
[Pipeline] // ansiColor
[Pipeline] // ansiColor
[Pipeline] }
[Pipeline] }
[Pipeline] }
[Pipeline] }
[Pipeline] // catchError
[Pipeline] withCredentials
Masking supported pattern matches of $API_TOKEN
[Pipeline] // catchError
[Pipeline] // catchError
[Pipeline] // catchError
[Pipeline] // catchError
[Pipeline] withCredentials
Masking supported pattern matches of $API_TOKEN
[Pipeline] withCredentials
Masking supported pattern matches of $API_TOKEN
[Pipeline] withCredentials
Masking supported pattern matches of $API_TOKEN
[Pipeline] withCredentials
Masking supported pattern matches of $API_TOKEN
[Pipeline] {
[Pipeline] timeout
Timeout set to expire in 1 hr 30 min
[Pipeline] {
[Pipeline] load
[Pipeline] { (util/job_remote_retry.groovy)
[Pipeline] {
[Pipeline] {
[Pipeline] {
[Pipeline] {
[Pipeline] }
[Pipeline] timeout
Timeout set to expire in 45 min
[Pipeline] {
[Pipeline] timeout
Timeout set to expire in 1 hr 30 min
[Pipeline] {
[Pipeline] timeout
Timeout set to expire in 5 hr 30 min
[Pipeline] {
[Pipeline] timeout
Timeout set to expire in 30 min
[Pipeline] {
[Pipeline] load
[Pipeline] { (util/job_remote_retry.groovy)
[Pipeline] load
[Pipeline] { (util/job_remote_retry.groovy)
[Pipeline] load
[Pipeline] { (util/job_remote_retry.groovy)
[Pipeline] load
[Pipeline] { (util/job_remote_retry.groovy)
[Pipeline] }
[Pipeline] }
[Pipeline] }
[Pipeline] }
[Pipeline] // load
[Pipeline] ansiColor
[Pipeline] {

[Pipeline] echo
[26-09-17 00:41] [34mINFO: Building remote job TGEN, try #1[0m
[Pipeline] }

[Pipeline] // load
[Pipeline] // load
[Pipeline] // load
[Pipeline] // load
[Pipeline] ansiColor
[Pipeline] {

[Pipeline] ansiColor
[Pipeline] {

[Pipeline] ansiColor
[Pipeline] {

[Pipeline] ansiColor
[Pipeline] {

[Pipeline] echo
[26-09-17 00:41] [34mINFO: Building remote job Global Search, try #1[0m
[Pipeline] }

[Pipeline] echo
[26-09-17 00:41] [34mINFO: Building remote job CAMS, try #1[0m
[Pipeline] }

[Pipeline] echo
[26-09-17 00:41] [34mINFO: Building remote job Profiling, try #1[0m
[Pipeline] }

[Pipeline] echo
[26-09-17 00:41] [34mINFO: Building remote job Connectivity, try #1[0m
[Pipeline] }

[Pipeline] // ansiColor
[Pipeline] triggerRemoteJob
################################################################################################################
  Parameterized Remote Trigger Configuration:
    - job:                     Knowledge_Accelerators/Development/Test/ka_rvt_tgen_cpd 
    - remoteJenkinsName:       hyc-dataconn-team-ka-jenkins
    - parameters:              {Cluster Code=418ocs08f, ROOT_PWD=Th3P!r@t3P7an3t, Product=WKC, WDP_SERVICE_ID="YVdOd05HUXRaR1YyT25Zd2VHRm9PRzloUlRkcGFHMD0=", OC_USER=kubeadmin, OC API URL=https://api.418ocs08f.cp.fyre.ibm.com:6443, Parent Job URL=http://wkc-jenkins-app.fyre.ibm.com:8080/blue/organizations/jenkins/Overseer/detail/Ironwood/2678/pipeline/, MACHINE_IP=cpd-wxdi.apps.418ocs08f.cp.fyre.ibm.com, OC Namespace=wxdi, OC Token=, OMAG E2E=Skip Workload, Architecture=x, VAULT_TYPE=NONE, Secured By=NONE, Vault Type=NONE, OC_TOKEN=, PASSWORD=ExndOfab0RiK, Override Options=, OC_NAMESPACE=wxdi, OC Password=rwrRo-KjrFa-gFjhP-HN6gN, Build IDs=CustomRun:true, Legend=Custom Stage Run, Diagnostics=true, OC_PASSWORD=rwrRo-KjrFa-gFjhP-HN6gN, WKC_PASSWORD=ExndOfab0RiK, CP_CONSOLE=https://console-openshift-console.apps.418ocs08f.cp.fyre.ibm.com, Slack Channels=ironwood-build-info, URL=https://cpd-wxdi.apps.418ocs08f.cp.fyre.ibm.com, OC_URL=https://api.418ocs08f.cp.fyre.ibm.com:6443, WKC_HOST=cpd-wxdi.apps.418ocs08f.cp.fyre.ibm.com, ROOT_PASSWORD=Th3P!r@t3P7an3t, SECURED_BY=NONE, Branch=Ironwood, Scorecard=CX 5.4.0 WKC, OC_PASS=rwrRo-KjrFa-gFjhP-HN6gN, Release=5.4.0, CP4D Project URL=https://cpd-wxdi.apps.418ocs08f.cp.fyre.ibm.com, Password=ExndOfab0RiK, User_Name=admin, WKC_URL=https://cpd-wxdi.apps.418ocs08f.cp.fyre.ibm.com, WKC_USERNAME=admin, Scale=Small, Pipeline=api:http://devoptics-app.fyre.ibm.com/api/overlord_products/foundation/?name=WKC&type=Regression&release=5.4.0, Type=Regression, Admin User=admin, Openshift Console URL=https://console-openshift-console.apps.418ocs08f.cp.fyre.ibm.com, Git Repository=, Root Password=Th3P!r@t3P7an3t, OC User=kubeadmin, Admin Password=ExndOfab0RiK, PlatformType=x, Operator Namespace=wxdi-operators}
    - blockBuildUntilComplete: false
    - connectionRetryLimit:    5
    - trustAllCertificates:    false
################################################################################################################
Triggering parameterized remote job 'https://hyc-dataconn-team-ka-jenkins.swg-devops.com/job/Knowledge_Accelerators/job/Development/job/Test/job/ka_rvt_tgen_cpd'
  Using globally defined 'Token Authentication' as user 'bff@us.ibm.com'
Triggering remote job now.
[Pipeline] // ansiColor
[Pipeline] // ansiColor
[Pipeline] // ansiColor
[Pipeline] // ansiColor
[Pipeline] triggerRemoteJob
################################################################################################################
  Parameterized Remote Trigger Configuration:
    - job:                     global-search/icp4d/wkc-sanity-validation-run-tests 
    - remoteJenkinsName:       wcp-catalog-jenkins
    - parameters:              {Cluster Code=418ocs08f, ROOT_PWD=Th3P!r@t3P7an3t, Product=WKC, WDP_SERVICE_ID="YVdOd05HUXRaR1YyT25Zd2VHRm9PRzloUlRkcGFHMD0=", OC_USER=kubeadmin, OC API URL=https://api.418ocs08f.cp.fyre.ibm.com:6443, Parent Job URL=http://wkc-jenkins-app.fyre.ibm.com:8080/blue/organizations/jenkins/Overseer/detail/Ironwood/2678/pipeline/, MACHINE_IP=cpd-wxdi.apps.418ocs08f.cp.fyre.ibm.com, OC Namespace=wxdi, OC Token=, OMAG E2E=Skip Workload, Architecture=x, VAULT_TYPE=NONE, Secured By=NONE, Vault Type=NONE, OC_TOKEN=, PASSWORD=ExndOfab0RiK, Override Options=, OC_NAMESPACE=wxdi, OC Password=rwrRo-KjrFa-gFjhP-HN6gN, Build IDs=CustomRun:true, Legend=Custom Stage Run, Diagnostics=true, OC_PASSWORD=rwrRo-KjrFa-gFjhP-HN6gN, WKC_PASSWORD=ExndOfab0RiK, CP_CONSOLE=https://console-openshift-console.apps.418ocs08f.cp.fyre.ibm.com, Slack Channels=ironwood-build-info, URL=https://cpd-wxdi.apps.418ocs08f.cp.fyre.ibm.com, OC_URL=https://api.418ocs08f.cp.fyre.ibm.com:6443, WKC_HOST=cpd-wxdi.apps.418ocs08f.cp.fyre.ibm.com, ROOT_PASSWORD=Th3P!r@t3P7an3t, SECURED_BY=NONE, Branch=Ironwood, Scorecard=CX 5.4.0 WKC, OC_PASS=rwrRo-KjrFa-gFjhP-HN6gN, Release=5.4.0, CP4D Project URL=https://cpd-wxdi.apps.418ocs08f.cp.fyre.ibm.com, Password=ExndOfab0RiK, User_Name=admin, WKC_URL=https://cpd-wxdi.apps.418ocs08f.cp.fyre.ibm.com, WKC_USERNAME=admin, Scale=Small, Pipeline=api:http://devoptics-app.fyre.ibm.com/api/overlord_products/foundation/?name=WKC&type=Regression&release=5.4.0, Type=Regression, Admin User=admin, Openshift Console URL=https://console-openshift-console.apps.418ocs08f.cp.fyre.ibm.com, Git Repository=, Root Password=Th3P!r@t3P7an3t, OC User=kubeadmin, Admin Password=ExndOfab0RiK, PlatformType=x, Operator Namespace=wxdi-operators}
    - blockBuildUntilComplete: false
    - connectionRetryLimit:    5
    - trustAllCertificates:    false
################################################################################################################
[Pipeline] triggerRemoteJob
################################################################################################################
  Parameterized Remote Trigger Configuration:
    - job:                     icp4d/wkc-sanity-validation-run-tests 
    - remoteJenkinsName:       wcp-catalog-jenkins
    - parameters:              {Cluster Code=418ocs08f, ROOT_PWD=Th3P!r@t3P7an3t, Product=WKC, WDP_SERVICE_ID="YVdOd05HUXRaR1YyT25Zd2VHRm9PRzloUlRkcGFHMD0=", OC_USER=kubeadmin, OC API URL=https://api.418ocs08f.cp.fyre.ibm.com:6443, Parent Job URL=http://wkc-jenkins-app.fyre.ibm.com:8080/blue/organizations/jenkins/Overseer/detail/Ironwood/2678/pipeline/, MACHINE_IP=cpd-wxdi.apps.418ocs08f.cp.fyre.ibm.com, OC Namespace=wxdi, OC Token=, OMAG E2E=Skip Workload, Architecture=x, VAULT_TYPE=NONE, Secured By=NONE, Vault Type=NONE, OC_TOKEN=, PASSWORD=ExndOfab0RiK, Override Options=, OC_NAMESPACE=wxdi, OC Password=rwrRo-KjrFa-gFjhP-HN6gN, Build IDs=CustomRun:true, Legend=Custom Stage Run, Diagnostics=true, OC_PASSWORD=rwrRo-KjrFa-gFjhP-HN6gN, WKC_PASSWORD=ExndOfab0RiK, CP_CONSOLE=https://console-openshift-console.apps.418ocs08f.cp.fyre.ibm.com, Slack Channels=ironwood-build-info, URL=https://cpd-wxdi.apps.418ocs08f.cp.fyre.ibm.com, OC_URL=https://api.418ocs08f.cp.fyre.ibm.com:6443, WKC_HOST=cpd-wxdi.apps.418ocs08f.cp.fyre.ibm.com, ROOT_PASSWORD=Th3P!r@t3P7an3t, SECURED_BY=NONE, Branch=Ironwood, Scorecard=CX 5.4.0 WKC, OC_PASS=rwrRo-KjrFa-gFjhP-HN6gN, Release=5.4.0, CP4D Project URL=https://cpd-wxdi.apps.418ocs08f.cp.fyre.ibm.com, Password=ExndOfab0RiK, User_Name=admin, WKC_URL=https://cpd-wxdi.apps.418ocs08f.cp.fyre.ibm.com, WKC_USERNAME=admin, Scale=Small, Pipeline=api:http://devoptics-app.fyre.ibm.com/api/overlord_products/foundation/?name=WKC&type=Regression&release=5.4.0, Type=Regression, Admin User=admin, Openshift Console URL=https://console-openshift-console.apps.418ocs08f.cp.fyre.ibm.com, Git Repository=, Root Password=Th3P!r@t3P7an3t, OC User=kubeadmin, Admin Password=ExndOfab0RiK, PlatformType=x, Operator Namespace=wxdi-operators}
    - blockBuildUntilComplete: false
    - connectionRetryLimit:    5
    - trustAllCertificates:    false
################################################################################################################
[Pipeline] triggerRemoteJob
[Pipeline] triggerRemoteJob
################################################################################################################
  Parameterized Remote Trigger Configuration:
    - job:                     Regression/DataQuality/Profiling/Profiling_CXRegressions 
    - remoteJenkinsName:       iaqajenkinsserver11
    - parameters:              {Cluster Code=418ocs08f, ROOT_PWD=Th3P!r@t3P7an3t, Product=WKC, WDP_SERVICE_ID="YVdOd05HUXRaR1YyT25Zd2VHRm9PRzloUlRkcGFHMD0=", OC_USER=kubeadmin, OC API URL=https://api.418ocs08f.cp.fyre.ibm.com:6443, Parent Job URL=http://wkc-jenkins-app.fyre.ibm.com:8080/blue/organizations/jenkins/Overseer/detail/Ironwood/2678/pipeline/, MACHINE_IP=cpd-wxdi.apps.418ocs08f.cp.fyre.ibm.com, OC Namespace=wxdi, OC Token=, OMAG E2E=Skip Workload, Architecture=x, VAULT_TYPE=NONE, Secured By=NONE, Vault Type=NONE, OC_TOKEN=, PASSWORD=ExndOfab0RiK, Override Options=, OC_NAMESPACE=wxdi, OC Password=rwrRo-KjrFa-gFjhP-HN6gN, Build IDs=CustomRun:true, Legend=Custom Stage Run, Diagnostics=true, OC_PASSWORD=rwrRo-KjrFa-gFjhP-HN6gN, WKC_PASSWORD=ExndOfab0RiK, CP_CONSOLE=https://console-openshift-console.apps.418ocs08f.cp.fyre.ibm.com, Slack Channels=ironwood-build-info, URL=https://cpd-wxdi.apps.418ocs08f.cp.fyre.ibm.com, OC_URL=https://api.418ocs08f.cp.fyre.ibm.com:6443, WKC_HOST=cpd-wxdi.apps.418ocs08f.cp.fyre.ibm.com, ROOT_PASSWORD=Th3P!r@t3P7an3t, SECURED_BY=NONE, Branch=Ironwood, Scorecard=CX 5.4.0 WKC, OC_PASS=rwrRo-KjrFa-gFjhP-HN6gN, Release=5.4.0, CP4D Project URL=https://cpd-wxdi.apps.418ocs08f.cp.fyre.ibm.com, Password=ExndOfab0RiK, User_Name=admin, WKC_URL=https://cpd-wxdi.apps.418ocs08f.cp.fyre.ibm.com, WKC_USERNAME=admin, Scale=Small, Pipeline=api:http://devoptics-app.fyre.ibm.com/api/overlord_products/foundation/?name=WKC&type=Regression&release=5.4.0, Type=Regression, Admin User=admin, Openshift Console URL=https://console-openshift-console.apps.418ocs08f.cp.fyre.ibm.com, Git Repository=, Root Password=Th3P!r@t3P7an3t, OC User=kubeadmin, Admin Password=ExndOfab0RiK, PlatformType=x, Operator Namespace=wxdi-operators}
    - blockBuildUntilComplete: false
    - connectionRetryLimit:    5
    - trustAllCertificates:    false
################################################################################################################
################################################################################################################
  Parameterized Remote Trigger Configuration:
    - job:                     Development/connectivity/Connectivity_FVT_Tests 
    - remoteJenkinsName:       dataconn-jenkins
    - parameters:              {Cluster Code=418ocs08f, ROOT_PWD=Th3P!r@t3P7an3t, Product=WKC, WDP_SERVICE_ID="YVdOd05HUXRaR1YyT25Zd2VHRm9PRzloUlRkcGFHMD0=", OC_USER=kubeadmin, OC API URL=https://api.418ocs08f.cp.fyre.ibm.com:6443, Parent Job URL=http://wkc-jenkins-app.fyre.ibm.com:8080/blue/organizations/jenkins/Overseer/detail/Ironwood/2678/pipeline/, MACHINE_IP=cpd-wxdi.apps.418ocs08f.cp.fyre.ibm.com, OC Namespace=wxdi, OC Token=, OMAG E2E=Skip Workload, Architecture=x, VAULT_TYPE=NONE, Secured By=NONE, Vault Type=NONE, OC_TOKEN=, PASSWORD=ExndOfab0RiK, Override Options=, OC_NAMESPACE=wxdi, OC Password=rwrRo-KjrFa-gFjhP-HN6gN, Build IDs=CustomRun:true, Legend=Custom Stage Run, Diagnostics=true, OC_PASSWORD=rwrRo-KjrFa-gFjhP-HN6gN, WKC_PASSWORD=ExndOfab0RiK, CP_CONSOLE=https://console-openshift-console.apps.418ocs08f.cp.fyre.ibm.com, Slack Channels=ironwood-build-info, URL=https://cpd-wxdi.apps.418ocs08f.cp.fyre.ibm.com, OC_URL=https://api.418ocs08f.cp.fyre.ibm.com:6443, WKC_HOST=cpd-wxdi.apps.418ocs08f.cp.fyre.ibm.com, ROOT_PASSWORD=Th3P!r@t3P7an3t, SECURED_BY=NONE, Branch=Ironwood, Scorecard=CX 5.4.0 WKC, OC_PASS=rwrRo-KjrFa-gFjhP-HN6gN, Release=5.4.0, CP4D Project URL=https://cpd-wxdi.apps.418ocs08f.cp.fyre.ibm.com, Password=ExndOfab0RiK, User_Name=admin, WKC_URL=https://cpd-wxdi.apps.418ocs08f.cp.fyre.ibm.com, WKC_USERNAME=admin, Scale=Small, Pipeline=api:http://devoptics-app.fyre.ibm.com/api/overlord_products/foundation/?name=WKC&type=Regression&release=5.4.0, Type=Regression, Admin User=admin, Openshift Console URL=https://console-openshift-console.apps.418ocs08f.cp.fyre.ibm.com, Git Repository=, Root Password=Th3P!r@t3P7an3t, OC User=kubeadmin, Admin Password=ExndOfab0RiK, PlatformType=x, Operator Namespace=wxdi-operators}
    - blockBuildUntilComplete: false
    - connectionRetryLimit:    5
    - trustAllCertificates:    false
################################################################################################################
Triggering parameterized remote job 'https://wcp-catalog-jenkins.swg-devops.com/job/global-search/job/icp4d/job/wkc-sanity-validation-run-tests'
  Using globally defined 'Token Authentication' as user 'bff@us.ibm.com'
Triggering remote job now.
Triggering parameterized remote job 'https://wcp-catalog-jenkins.swg-devops.com/job/icp4d/job/wkc-sanity-validation-run-tests'
  Using globally defined 'Token Authentication' as user 'bff@us.ibm.com'
Triggering remote job now.
Triggering parameterized remote job 'https://dataconn-jenkins.swg-devops.com/job/Development/job/connectivity/job/Connectivity_FVT_Tests'
  Using globally defined 'Token Authentication' as user 'bff@us.ibm.com'
Triggering remote job now.
Triggering parameterized remote job 'http://iaqajenkinsserver11.fyre.ibm.com:8080/job/Regression/job/DataQuality/job/Profiling/job/Profiling_CXRegressions'
  Using globally defined 'Token Authentication' as user 'bff@us.ibm.com'
Triggering remote job now.
[Pipeline] echo
Triggered parameterized remote job url (TGEN): https://hyc-dataconn-team-ka-jenkins.swg-devops.com/job/Knowledge_Accelerators/job/Development/job/Test/job/ka_rvt_tgen_cpd/428/
[Pipeline] load
[Pipeline] { (dashboard/bucket.groovy)
[Pipeline] }
[Pipeline] echo
Triggered parameterized remote job url (Global Search): https://wcp-catalog-jenkins.swg-devops.com/job/global-search/job/icp4d/job/wkc-sanity-validation-run-tests/14986/
[Pipeline] load
[Pipeline] { (dashboard/bucket.groovy)
[Pipeline] echo
Triggered parameterized remote job url (CAMS): https://wcp-catalog-jenkins.swg-devops.com/job/icp4d/job/wkc-sanity-validation-run-tests/28111/
[Pipeline] load
[Pipeline] { (dashboard/bucket.groovy)
[Pipeline] echo
Triggered parameterized remote job url (Connectivity): https://dataconn-jenkins.swg-devops.com/job/Development/job/connectivity/job/Connectivity_FVT_Tests/3684/
[Pipeline] load
[Pipeline] { (dashboard/bucket.groovy)
[Pipeline] }
[Pipeline] }
[Pipeline] // load
[Pipeline] }
[Pipeline] load
[Pipeline] { (dashboard/pipeline.groovy)
[Pipeline] echo
Triggered parameterized remote job url (Profiling): http://iaqajenkinsserver11.fyre.ibm.com:8080/job/Regression/job/DataQuality/job/Profiling/job/Profiling_CXRegressions/137/
[Pipeline] load
[Pipeline] { (dashboard/bucket.groovy)
[Pipeline] }
[Pipeline] }
[Pipeline] // load
[Pipeline] // load
[Pipeline] load
[Pipeline] { (dashboard/pipeline.groovy)
[Pipeline] load
[Pipeline] { (dashboard/pipeline.groovy)
[Pipeline] // load
[Pipeline] load
[Pipeline] { (dashboard/pipeline.groovy)
[Pipeline] }
[Pipeline] }
[Pipeline] }
[Pipeline] // load
[Pipeline] // load
[Pipeline] catchError
[Pipeline] {
[Pipeline] load
[Pipeline] { (dashboard/pipeline.groovy)
[Pipeline] sh
[Pipeline] }
[Pipeline] // load
[Pipeline] // load
[Pipeline] // load
[Pipeline] catchError
[Pipeline] {
[Pipeline] catchError
[Pipeline] {
[Pipeline] catchError
[Pipeline] {
[Pipeline] sh
[Pipeline] sh
[Pipeline] sh
[Pipeline] // load
[Pipeline] readJSON
[Pipeline] catchError
[Pipeline] {
[Pipeline] sh
[Pipeline] readJSON
[Pipeline] readJSON
[Pipeline] readJSON
[Pipeline] ansiColor
[Pipeline] {

[Pipeline] readJSON
[Pipeline] echo
[26-09-17 00:41] [34mINFO: Updated Dashboard Bucket 323020[0m
[Pipeline] }

[Pipeline] ansiColor
[Pipeline] {

[Pipeline] ansiColor
[Pipeline] {

[Pipeline] ansiColor
[Pipeline] {

[Pipeline] echo
[26-09-17 00:41] [34mINFO: Updated Dashboard Bucket 323021[0m
[Pipeline] }

[Pipeline] echo
[26-09-17 00:41] [34mINFO: Updated Dashboard Bucket 323022[0m
[Pipeline] }

[Pipeline] echo
[26-09-17 00:41] [34mINFO: Updated Dashboard Bucket 323024[0m
[Pipeline] }

[Pipeline] // ansiColor
[Pipeline] }
[Pipeline] ansiColor
[Pipeline] {

[Pipeline] echo
[26-09-17 00:41] [34mINFO: Updated Dashboard Bucket 323023[0m
[Pipeline] }

[Pipeline] // ansiColor
[Pipeline] // ansiColor
[Pipeline] // ansiColor
[Pipeline] }
[Pipeline] }
[Pipeline] }
[Pipeline] // catchError
[Pipeline] waitUntil
[Pipeline] {
[Pipeline] }
[Pipeline] // ansiColor
[Pipeline] }
[Pipeline] // catchError
[Pipeline] // catchError
[Pipeline] // catchError
[Pipeline] waitUntil
[Pipeline] {
[Pipeline] waitUntil
[Pipeline] {
[Pipeline] waitUntil
[Pipeline] {
[Pipeline] }
[Pipeline] }
[Pipeline] }
[Pipeline] // catchError
[Pipeline] waitUntil
[Pipeline] {
[Pipeline] }
[Pipeline] {
[Pipeline] }
[Pipeline] {
[Pipeline] }
[Pipeline] {
[Pipeline] {
[Pipeline] }
[Pipeline] }
[Pipeline] {
[Pipeline] }
[Pipeline] {
[Pipeline] }
[Pipeline] {
[Pipeline] }
[Pipeline] {
[Pipeline] }
[Pipeline] {
[Pipeline] }
[Pipeline] {
[Pipeline] }
[Pipeline] {
[Pipeline] }
[Pipeline] {
[Pipeline] }
[Pipeline] {
[Pipeline] }
[Pipeline] {
[Pipeline] }
[Pipeline] {
[Pipeline] }
[Pipeline] {
[Pipeline] }
[Pipeline] {
[Pipeline] }
[Pipeline] {
[Pipeline] }
[Pipeline] {
[Pipeline] }
[Pipeline] {
[Pipeline] }
[Pipeline] {
[Pipeline] }
[Pipeline] {
[Pipeline] }
[Pipeline] {
[Pipeline] }
[Pipeline] {
[Pipeline] }
[Pipeline] {
[Pipeline] }
[Pipeline] {
[Pipeline] ansiColor
[Pipeline] {

[Pipeline] echo
[26-09-17 00:43] [34mINFO: Bucket TGEN current status: RUNNING (2 minutes, 6.228 seconds)[0m
[Pipeline] }

[Pipeline] // ansiColor
[Pipeline] echo
Triggered job url (TGEN): https://hyc-dataconn-team-ka-jenkins.swg-devops.com/job/Knowledge_Accelerators/job/Development/job/Test/job/ka_rvt_tgen_cpd/428/
[Pipeline] }
[Pipeline] {
[Pipeline] ansiColor
[Pipeline] {

[Pipeline] {
[Pipeline] echo
[26-09-17 00:43] [34mINFO: Bucket Global Search current status: RUNNING (2 minutes, 7.476 seconds)[0m
[Pipeline] }

[Pipeline] // ansiColor
[Pipeline] echo
Triggered job url (Global Search): https://wcp-catalog-jenkins.swg-devops.com/job/global-search/job/icp4d/job/wkc-sanity-validation-run-tests/14986/
[Pipeline] }
[Pipeline] ansiColor
[Pipeline] {

[Pipeline] echo
[26-09-17 00:43] [34mINFO: Bucket CAMS current status: RUNNING (2 minutes, 8.087 seconds)[0m
[Pipeline] }

[Pipeline] // ansiColor
[Pipeline] {
[Pipeline] echo
Triggered job url (CAMS): https://wcp-catalog-jenkins.swg-devops.com/job/icp4d/job/wkc-sanity-validation-run-tests/28111/
[Pipeline] }
[Pipeline] ansiColor
[Pipeline] {

[Pipeline] echo
[26-09-17 00:43] [34mINFO: Bucket Connectivity current status: RUNNING (2 minutes, 10.922 seconds)[0m
[Pipeline] }

[Pipeline] {
[Pipeline] // ansiColor
[Pipeline] echo
Triggered job url (Connectivity): https://dataconn-jenkins.swg-devops.com/job/Development/job/connectivity/job/Connectivity_FVT_Tests/3684/
[Pipeline] }
[Pipeline] ansiColor
[Pipeline] {

[Pipeline] echo
[26-09-17 00:43] [34mINFO: Bucket Profiling current status: RUNNING (2 minutes, 13.778 seconds)[0m
[Pipeline] }

[Pipeline] // ansiColor
[Pipeline] echo
Triggered job url (Profiling): http://iaqajenkinsserver11.fyre.ibm.com:8080/job/Regression/job/DataQuality/job/Profiling/job/Profiling_CXRegressions/137/
[Pipeline] }
[Pipeline] {
[Pipeline] }
[Pipeline] {
[Pipeline] }
[Pipeline] {
[Pipeline] }
[Pipeline] {
[Pipeline] }
[Pipeline] {
[Pipeline] }
[Pipeline] {
[Pipeline] }
[Pipeline] {
[Pipeline] }
[Pipeline] {
[Pipeline] }
[Pipeline] {
[Pipeline] }
[Pipeline] {
[Pipeline] }
[Pipeline] {
[Pipeline] }
[Pipeline] {
[Pipeline] }
[Pipeline] {
[Pipeline] }
[Pipeline] {
[Pipeline] }
[Pipeline] {
[Pipeline] }
[Pipeline] {
[Pipeline] }
[Pipeline] {
[Pipeline] }
[Pipeline] {
[Pipeline] }
[Pipeline] {
[Pipeline] }
[Pipeline] {
[Pipeline] }
[Pipeline] {
[Pipeline] }
[Pipeline] {
[Pipeline] }
[Pipeline] {
[Pipeline] }
[Pipeline] {
[Pipeline] }
[Pipeline] {
[Pipeline] }
[Pipeline] {
[Pipeline] }
[Pipeline] {
[Pipeline] }
[Pipeline] {
[Pipeline] }
[Pipeline] {
[Pipeline] }
[Pipeline] {
[Pipeline] }
[Pipeline] {
[Pipeline] }
[Pipeline] {
[Pipeline] }
[Pipeline] {
[Pipeline] }
[Pipeline] {
[Pipeline] }
[Pipeline] {
[Pipeline] }
[Pipeline] {
[Pipeline] }
[Pipeline] {
[Pipeline] }
[Pipeline] {
[Pipeline] }
[Pipeline] {
[Pipeline] }
[Pipeline] {
[Pipeline] }
[Pipeline] {
[Pipeline] }
[Pipeline] {
[Pipeline] }
[Pipeline] {
[Pipeline] }
[Pipeline] {
[Pipeline] }
[Pipeline] {
[Pipeline] }
[Pipeline] {
[Pipeline] }
[Pipeline] {
[Pipeline] }
[Pipeline] {
[Pipeline] }
[Pipeline] {
[Pipeline] }
[Pipeline] {
[Pipeline] }
[Pipeline] {
[Pipeline] }
[Pipeline] {
[Pipeline] }
[Pipeline] {
[Pipeline] }
[Pipeline] {
[Pipeline] }
[Pipeline] {
[Pipeline] }
[Pipeline] {
[Pipeline] }
[Pipeline] {
[Pipeline] }
[Pipeline] {
[Pipeline] }
[Pipeline] {
[Pipeline] }
[Pipeline] {
[Pipeline] }
[Pipeline] {
[Pipeline] }
[Pipeline] {
[Pipeline] }
[Pipeline] {
[Pipeline] }
[Pipeline] {
[Pipeline] }
[Pipeline] {
[Pipeline] }
[Pipeline] {
[Pipeline] }
[Pipeline] {
[Pipeline] }
[Pipeline] {
[Pipeline] }
[Pipeline] {
[Pipeline] }
[Pipeline] {
[Pipeline] }
[Pipeline] {
[Pipeline] }
[Pipeline] {
[Pipeline] }
[Pipeline] {
[Pipeline] }
[Pipeline] {
[Pipeline] }
[Pipeline] {
[Pipeline] }
[Pipeline] {
[Pipeline] }
[Pipeline] {
[Pipeline] }
[Pipeline] {
[Pipeline] }
[Pipeline] {
[Pipeline] }
[Pipeline] {
[Pipeline] }
[Pipeline] {
[Pipeline] }
[Pipeline] {
[Pipeline] }
[Pipeline] {
[Pipeline] }
[Pipeline] {
[Pipeline] }
[Pipeline] {
[Pipeline] }
[Pipeline] {
[Pipeline] }
[Pipeline] {
[Pipeline] }
[Pipeline] {
[Pipeline] }
[Pipeline] {
[Pipeline] }
[Pipeline] {
[Pipeline] }
[Pipeline] {
[Pipeline] }
[Pipeline] {
[Pipeline] }
[Pipeline] {
[Pipeline] }
[Pipeline] {
[Pipeline] }
[Pipeline] {
[Pipeline] }
[Pipeline] {
[Pipeline] }
[Pipeline] {
[Pipeline] }
[Pipeline] {
[Pipeline] }
[Pipeline] {
[Pipeline] }
[Pipeline] {
[Pipeline] }
[Pipeline] {
[Pipeline] }
[Pipeline] {
[Pipeline] }
[Pipeline] {
[Pipeline] }
[Pipeline] {
[Pipeline] }
[Pipeline] {
[Pipeline] }
[Pipeline] {
[Pipeline] }
[Pipeline] {
[Pipeline] }
[Pipeline] {
[Pipeline] }
[Pipeline] {
[Pipeline] }
[Pipeline] {
[Pipeline] }
[Pipeline] {
[Pipeline] }
[Pipeline] // waitUntil
[Pipeline] {
[Pipeline] }
[Pipeline] }
[Pipeline] // timeout
[Pipeline] }
[Pipeline] {
[Pipeline] // withCredentials
[Pipeline] }
[Pipeline] }
[Pipeline] // catchError
[Pipeline] {
[Pipeline] load
[Pipeline] { (bucket/bucket_post.groovy)
[Pipeline] }
[Pipeline] }
[Pipeline] // load
[Pipeline] ansiColor
[Pipeline] {

[Pipeline] echo
[26-09-17 00:50] [34mINFO: TGEN post starting[0m
[Pipeline] }

[Pipeline] // ansiColor
[Pipeline] catchError
[Pipeline] {
[Pipeline] load
[Pipeline] { (dashboard/bucket.groovy)
[Pipeline] }
[Pipeline] // load
[Pipeline] load
[Pipeline] { (dashboard/pipeline.groovy)
[Pipeline] }
[Pipeline] // load
[Pipeline] catchError
[Pipeline] {
[Pipeline] withCredentials
Masking supported pattern matches of $API_TOKEN
[Pipeline] {
[Pipeline] sh
Warning: A secret was passed to "sh" using Groovy String interpolation, which is insecure.
		 Affected argument(s) used the following variable(s): [API_TOKEN]
		 See https://jenkins.io/redirect/groovy-string-interpolation for details.
[Pipeline] readJSON
[Pipeline] readJSON
[Pipeline] sh
Warning: A secret was passed to "sh" using Groovy String interpolation, which is insecure.
		 Affected argument(s) used the following variable(s): [API_TOKEN]
		 See https://jenkins.io/redirect/groovy-string-interpolation for details.
[Pipeline] {
[Pipeline] readJSON
[Pipeline] }
[Pipeline] sh
[Pipeline] readJSON
[Pipeline] ansiColor
[Pipeline] {

[Pipeline] echo
[26-09-17 00:50] [34mINFO: Updated Dashboard Bucket 323020[0m
[Pipeline] }

[Pipeline] // ansiColor
[Pipeline] {
[Pipeline] }
[Pipeline] }
[Pipeline] // withCredentials
[Pipeline] {
[Pipeline] }
[Pipeline] }
[Pipeline] // catchError
[Pipeline] load
[Pipeline] { (robobug/robobug.groovy)
[Pipeline] {
[Pipeline] }
[Pipeline] }
[Pipeline] // load
[Pipeline] load
[Pipeline] { (robobug/close_issue.groovy)
[Pipeline] }
[Pipeline] // load
[Pipeline] build
Scheduling project: CloseGithubIssue
[Pipeline] ansiColor
[Pipeline] {

[Pipeline] echo
[26-09-17 00:50] [32mPASS: TGEN bucket passed[0m
[Pipeline] }

[Pipeline] // ansiColor
[Pipeline] catchError
[Pipeline] {
[Pipeline] ansiColor
[Pipeline] {

[Pipeline] echo
[26-09-17 00:50] [34mINFO: Entering the JunitTestRail integration block.[0m
[Pipeline] }

[Pipeline] // ansiColor
[Pipeline] withCredentials
Masking supported pattern matches of $JENKINS_API_TOKEN or $USERNAME or $TESTRAIL_API_TOKEN
[Pipeline] {
[Pipeline] error
[Pipeline] }
[Pipeline] // withCredentials
[Pipeline] {
[Pipeline] }
ERROR: No project name was found, quit further processing.
[Pipeline] }
[Pipeline] // catchError
[Pipeline] }
[Pipeline] // catchError
[Pipeline] }
[Pipeline] // script
[Pipeline] {
[Pipeline] }
[Pipeline] }
[Pipeline] // stage
[Pipeline] }
[Pipeline] {
[Pipeline] }
[Pipeline] {
[Pipeline] }
[Pipeline] {
[Pipeline] }
[Pipeline] {
[Pipeline] }
[Pipeline] {
[Pipeline] }
[Pipeline] {
[Pipeline] }
[Pipeline] {
[Pipeline] }
[Pipeline] {
[Pipeline] }
[Pipeline] {
[Pipeline] }
[Pipeline] {
[Pipeline] }
[Pipeline] {
[Pipeline] }
[Pipeline] {
[Pipeline] }
[Pipeline] {
[Pipeline] }
[Pipeline] {
[Pipeline] }
[Pipeline] {
[Pipeline] }
[Pipeline] {
[Pipeline] }
[Pipeline] {
[Pipeline] }
[Pipeline] {
[Pipeline] }
[Pipeline] {
[Pipeline] }
[Pipeline] {
[Pipeline] }
[Pipeline] {
[Pipeline] }
[Pipeline] {
[Pipeline] }
[Pipeline] {
[Pipeline] }
[Pipeline] {
[Pipeline] }
[Pipeline] {
[Pipeline] }
[Pipeline] {
[Pipeline] }
[Pipeline] {
[Pipeline] }
[Pipeline] {
[Pipeline] }
[Pipeline] {
[Pipeline] }
[Pipeline] {
[Pipeline] }
[Pipeline] {
[Pipeline] }
[Pipeline] {
[Pipeline] }
[Pipeline] {
[Pipeline] }
[Pipeline] {
[Pipeline] }
[Pipeline] {
[Pipeline] }
[Pipeline] {
[Pipeline] }
[Pipeline] {
[Pipeline] }
[Pipeline] {
[Pipeline] }
[Pipeline] {
[Pipeline] }
[Pipeline] {
[Pipeline] }
[Pipeline] {
[Pipeline] }
[Pipeline] {
[Pipeline] }
[Pipeline] {
[Pipeline] }
[Pipeline] {
[Pipeline] }
[Pipeline] {
[Pipeline] ansiColor
[Pipeline] {

[Pipeline] echo
[26-09-17 00:53] [34mINFO: Bucket CAMS current status: RUNNING (12 minutes, 0.037 seconds)[0m
[Pipeline] }

[Pipeline] {
[Pipeline] // ansiColor
[Pipeline] echo
Triggered job url (CAMS): https://wcp-catalog-jenkins.swg-devops.com/job/icp4d/job/wkc-sanity-validation-run-tests/28111/
[Pipeline] }
[Pipeline] ansiColor
[Pipeline] {

[Pipeline] echo
[26-09-17 00:53] [34mINFO: Bucket Connectivity current status: RUNNING (12 minutes, 1.637 seconds)[0m
[Pipeline] }

[Pipeline] // ansiColor
[Pipeline] echo
Triggered job url (Connectivity): https://dataconn-jenkins.swg-devops.com/job/Development/job/connectivity/job/Connectivity_FVT_Tests/3684/
[Pipeline] }
[Pipeline] {
[Pipeline] ansiColor
[Pipeline] {

[Pipeline] echo
[26-09-17 00:53] [34mINFO: Bucket Profiling current status: RUNNING (12 minutes, 13.457 seconds)[0m
[Pipeline] }

[Pipeline] // ansiColor
[Pipeline] {
[Pipeline] echo
Triggered job url (Profiling): http://iaqajenkinsserver11.fyre.ibm.com:8080/job/Regression/job/DataQuality/job/Profiling/job/Profiling_CXRegressions/137/
[Pipeline] }
[Pipeline] ansiColor
[Pipeline] {

[Pipeline] echo
[26-09-17 00:53] [34mINFO: Bucket Global Search current status: RUNNING (12 minutes, 15.637 seconds)[0m
[Pipeline] }

[Pipeline] // ansiColor
[Pipeline] {
[Pipeline] echo
Triggered job url (Global Search): https://wcp-catalog-jenkins.swg-devops.com/job/global-search/job/icp4d/job/wkc-sanity-validation-run-tests/14986/
[Pipeline] }
[Pipeline] }
[Pipeline] {
[Pipeline] }
[Pipeline] {
[Pipeline] }
[Pipeline] {
[Pipeline] }
[Pipeline] {
[Pipeline] }
[Pipeline] {
[Pipeline] }
[Pipeline] {
[Pipeline] }
[Pipeline] {
[Pipeline] }
[Pipeline] {
[Pipeline] }
[Pipeline] {
[Pipeline] }
[Pipeline] {
[Pipeline] }
[Pipeline] {
[Pipeline] }
[Pipeline] {
[Pipeline] }
[Pipeline] {
[Pipeline] }
[Pipeline] {
[Pipeline] }
[Pipeline] {
[Pipeline] }
[Pipeline] {
[Pipeline] }
[Pipeline] {
[Pipeline] }
[Pipeline] {
[Pipeline] }
[Pipeline] {
[Pipeline] }
[Pipeline] {
[Pipeline] }
[Pipeline] {
[Pipeline] }
[Pipeline] // waitUntil
[Pipeline] }
[Pipeline] // timeout
[Pipeline] }
[Pipeline] // withCredentials
[Pipeline] }
[Pipeline] // catchError
[Pipeline] load
[Pipeline] { (bucket/bucket_post.groovy)
[Pipeline] }
[Pipeline] // load
[Pipeline] ansiColor
[Pipeline] {

[Pipeline] echo
[26-09-17 00:55] [34mINFO: Connectivity post starting[0m
[Pipeline] }

[Pipeline] // ansiColor
[Pipeline] catchError
[Pipeline] {
[Pipeline] load
[Pipeline] { (dashboard/bucket.groovy)
[Pipeline] }
[Pipeline] // load
[Pipeline] load
[Pipeline] { (dashboard/pipeline.groovy)
[Pipeline] }
[Pipeline] // load
[Pipeline] catchError
[Pipeline] {
[Pipeline] withCredentials
Masking supported pattern matches of $API_TOKEN
[Pipeline] {
[Pipeline] sh
Warning: A secret was passed to "sh" using Groovy String interpolation, which is insecure.
		 Affected argument(s) used the following variable(s): [API_TOKEN]
		 See https://jenkins.io/redirect/groovy-string-interpolation for details.
[Pipeline] {
[Pipeline] }
[Pipeline] readJSON
[Pipeline] {
[Pipeline] readJSON
[Pipeline] }
[Pipeline] {
[Pipeline] sh
Warning: A secret was passed to "sh" using Groovy String interpolation, which is insecure.
		 Affected argument(s) used the following variable(s): [API_TOKEN]
		 See https://jenkins.io/redirect/groovy-string-interpolation for details.
[Pipeline] }
[Pipeline] readJSON
[Pipeline] sh
[Pipeline] readJSON
[Pipeline] ansiColor
[Pipeline] {

[Pipeline] echo
[26-09-17 00:55] [34mINFO: Updated Dashboard Bucket 323024[0m
[Pipeline] }

[Pipeline] // ansiColor
[Pipeline] }
[Pipeline] // withCredentials
[Pipeline] }
[Pipeline] // catchError
[Pipeline] load
[Pipeline] { (robobug/robobug.groovy)
[Pipeline] }
[Pipeline] // load
[Pipeline] load
[Pipeline] { (robobug/close_issue.groovy)
[Pipeline] }
[Pipeline] // load
[Pipeline] build
Scheduling project: CloseGithubIssue
[Pipeline] ansiColor
[Pipeline] {

[Pipeline] echo
[26-09-17 00:55] [32mPASS: Connectivity bucket passed[0m
[Pipeline] }

[Pipeline] // ansiColor
[Pipeline] catchError
[Pipeline] {
[Pipeline] ansiColor
[Pipeline] {

[Pipeline] echo
[26-09-17 00:55] [34mINFO: Entering the JunitTestRail integration block.[0m
[Pipeline] }

[Pipeline] // ansiColor
[Pipeline] {
[Pipeline] withCredentials
Masking supported pattern matches of $JENKINS_API_TOKEN or $USERNAME or $TESTRAIL_API_TOKEN
[Pipeline] }
[Pipeline] {
[Pipeline] {
[Pipeline] error
[Pipeline] }
[Pipeline] }
[Pipeline] // withCredentials
[Pipeline] {
[Pipeline] }
ERROR: No project name was found, quit further processing.
[Pipeline] }
[Pipeline] // catchError
[Pipeline] }
[Pipeline] // catchError
[Pipeline] }
[Pipeline] // script
[Pipeline] }
[Pipeline] // stage
[Pipeline] }
[Pipeline] {
[Pipeline] }
[Pipeline] {
[Pipeline] }
[Pipeline] {
[Pipeline] }
[Pipeline] {
[Pipeline] }
[Pipeline] {
[Pipeline] }
[Pipeline] {
[Pipeline] }
[Pipeline] {
[Pipeline] }
[Pipeline] {
[Pipeline] }
[Pipeline] {
[Pipeline] }
[Pipeline] {
[Pipeline] }
[Pipeline] {
[Pipeline] }
[Pipeline] {
[Pipeline] }
[Pipeline] {
[Pipeline] }
[Pipeline] {
[Pipeline] }
[Pipeline] {
[Pipeline] }
[Pipeline] {
[Pipeline] }
[Pipeline] {
[Pipeline] }
[Pipeline] {
[Pipeline] }
[Pipeline] {
[Pipeline] }
[Pipeline] {
[Pipeline] }
[Pipeline] {
[Pipeline] }
[Pipeline] {
[Pipeline] }
[Pipeline] {
[Pipeline] }
[Pipeline] {
[Pipeline] }
[Pipeline] {
[Pipeline] }
[Pipeline] {
[Pipeline] }
[Pipeline] {
[Pipeline] }
[Pipeline] {
[Pipeline] }
[Pipeline] {
[Pipeline] }
[Pipeline] {
[Pipeline] }
[Pipeline] {
[Pipeline] }
[Pipeline] {
[Pipeline] }
[Pipeline] {
[Pipeline] }
[Pipeline] {
[Pipeline] }
[Pipeline] {
[Pipeline] }
[Pipeline] {
[Pipeline] }
[Pipeline] {
[Pipeline] }
[Pipeline] {
[Pipeline] }
[Pipeline] {
[Pipeline] }
[Pipeline] {
[Pipeline] }
[Pipeline] {
[Pipeline] }
[Pipeline] {
[Pipeline] }
[Pipeline] {
[Pipeline] }
[Pipeline] {
[Pipeline] }
[Pipeline] {
[Pipeline] }
[Pipeline] {
[Pipeline] }
[Pipeline] {
[Pipeline] }
[Pipeline] {
[Pipeline] }
[Pipeline] {
[Pipeline] }
[Pipeline] {
[Pipeline] }
[Pipeline] {
[Pipeline] }
[Pipeline] {
[Pipeline] }
[Pipeline] {
[Pipeline] }
[Pipeline] {
[Pipeline] }
[Pipeline] {
[Pipeline] }
[Pipeline] {
[Pipeline] }
[Pipeline] {
[Pipeline] }
[Pipeline] {
[Pipeline] }
[Pipeline] {
[Pipeline] }
[Pipeline] {
[Pipeline] }
[Pipeline] {
[Pipeline] }
[Pipeline] {
[Pipeline] }
[Pipeline] {
[Pipeline] }
[Pipeline] // waitUntil
[Pipeline] }
[Pipeline] // timeout
[Pipeline] }
[Pipeline] // withCredentials
[Pipeline] }
[Pipeline] // catchError
[Pipeline] load
[Pipeline] { (bucket/bucket_post.groovy)
[Pipeline] }
[Pipeline] // load
[Pipeline] ansiColor
[Pipeline] {

[Pipeline] echo
[26-09-17 01:01] [34mINFO: CAMS post starting[0m
[Pipeline] }

[Pipeline] // ansiColor
[Pipeline] catchError
[Pipeline] {
[Pipeline] load
[Pipeline] { (dashboard/bucket.groovy)
[Pipeline] }
[Pipeline] // load
[Pipeline] load
[Pipeline] { (dashboard/pipeline.groovy)
[Pipeline] }
[Pipeline] // load
[Pipeline] catchError
[Pipeline] {
[Pipeline] withCredentials
Masking supported pattern matches of $API_TOKEN
[Pipeline] {
[Pipeline] sh
Warning: A secret was passed to "sh" using Groovy String interpolation, which is insecure.
		 Affected argument(s) used the following variable(s): [API_TOKEN]
		 See https://jenkins.io/redirect/groovy-string-interpolation for details.
[Pipeline] readJSON
[Pipeline] readJSON
[Pipeline] sh
Warning: A secret was passed to "sh" using Groovy String interpolation, which is insecure.
		 Affected argument(s) used the following variable(s): [API_TOKEN]
		 See https://jenkins.io/redirect/groovy-string-interpolation for details.
[Pipeline] {
[Pipeline] readJSON
[Pipeline] }
[Pipeline] sh
[Pipeline] {
[Pipeline] readJSON
[Pipeline] }
[Pipeline] ansiColor
[Pipeline] {

[Pipeline] echo
[26-09-17 01:01] [34mINFO: Updated Dashboard Bucket 323022[0m
[Pipeline] }

[Pipeline] // ansiColor
[Pipeline] }
[Pipeline] // withCredentials
[Pipeline] }
[Pipeline] // catchError
[Pipeline] load
[Pipeline] { (robobug/robobug.groovy)
[Pipeline] }
[Pipeline] // load
[Pipeline] load
[Pipeline] { (robobug/close_issue.groovy)
[Pipeline] }
[Pipeline] // load
[Pipeline] build
Scheduling project: CloseGithubIssue
[Pipeline] ansiColor
[Pipeline] {

[Pipeline] echo
[26-09-17 01:02] [32mPASS: CAMS bucket passed[0m
[Pipeline] }

[Pipeline] // ansiColor
[Pipeline] catchError
[Pipeline] {
[Pipeline] ansiColor
[Pipeline] {

[Pipeline] echo
[26-09-17 01:02] [34mINFO: Entering the JunitTestRail integration block.[0m
[Pipeline] }

[Pipeline] // ansiColor
[Pipeline] withCredentials
Masking supported pattern matches of $JENKINS_API_TOKEN or $USERNAME or $TESTRAIL_API_TOKEN
[Pipeline] {
[Pipeline] error
[Pipeline] }
[Pipeline] // withCredentials
[Pipeline] }
ERROR: No project name was found, quit further processing.
[Pipeline] // catchError
[Pipeline] }
[Pipeline] // catchError
[Pipeline] }
[Pipeline] // script
[Pipeline] {
[Pipeline] }
[Pipeline] }
[Pipeline] // stage
[Pipeline] }
[Pipeline] {
[Pipeline] }
[Pipeline] {
[Pipeline] }
[Pipeline] {
[Pipeline] }
[Pipeline] {
[Pipeline] }
[Pipeline] {
[Pipeline] }
[Pipeline] {
[Pipeline] }
[Pipeline] {
[Pipeline] }
[Pipeline] {
[Pipeline] }
[Pipeline] {
[Pipeline] }
[Pipeline] {
[Pipeline] }
[Pipeline] {
[Pipeline] ansiColor
[Pipeline] {

[Pipeline] echo
[26-09-17 01:03] [34mINFO: Bucket Global Search current status: RUNNING (22 minutes, 0.389 seconds)[0m
[Pipeline] }

[Pipeline] // ansiColor
[Pipeline] echo
Triggered job url (Global Search): https://wcp-catalog-jenkins.swg-devops.com/job/global-search/job/icp4d/job/wkc-sanity-validation-run-tests/14986/
[Pipeline] }
[Pipeline] {
[Pipeline] ansiColor
[Pipeline] {

[Pipeline] echo
[26-09-17 01:03] [34mINFO: Bucket Profiling current status: RUNNING (22 minutes, 15.135 seconds)[0m
[Pipeline] }

[Pipeline] // ansiColor
[Pipeline] echo
Triggered job url (Profiling): http://iaqajenkinsserver11.fyre.ibm.com:8080/job/Regression/job/DataQuality/job/Profiling/job/Profiling_CXRegressions/137/
[Pipeline] }
[Pipeline] {
[Pipeline] }
[Pipeline] {
[Pipeline] }
[Pipeline] {
[Pipeline] }
[Pipeline] {
[Pipeline] }
[Pipeline] {
[Pipeline] }
[Pipeline] {
[Pipeline] }
[Pipeline] {
[Pipeline] }
[Pipeline] {
[Pipeline] }
[Pipeline] {
[Pipeline] }
[Pipeline] {
[Pipeline] }
[Pipeline] {
[Pipeline] }
[Pipeline] {
[Pipeline] }
[Pipeline] {
[Pipeline] }
[Pipeline] {
[Pipeline] }
[Pipeline] {
[Pipeline] }
[Pipeline] {
[Pipeline] }
[Pipeline] {
[Pipeline] }
[Pipeline] {
[Pipeline] }
[Pipeline] {
[Pipeline] }
[Pipeline] {
[Pipeline] }
[Pipeline] {
[Pipeline] }
[Pipeline] {
[Pipeline] }
[Pipeline] {
[Pipeline] }
[Pipeline] {
[Pipeline] }
[Pipeline] {
[Pipeline] }
[Pipeline] {
[Pipeline] }
[Pipeline] {
[Pipeline] }
[Pipeline] {
[Pipeline] }
[Pipeline] {
[Pipeline] }
[Pipeline] {
[Pipeline] }
[Pipeline] {
[Pipeline] }
[Pipeline] // waitUntil
[Pipeline] }
[Pipeline] // timeout
[Pipeline] }
[Pipeline] // withCredentials
[Pipeline] }
[Pipeline] // catchError
[Pipeline] load
[Pipeline] { (bucket/bucket_post.groovy)
[Pipeline] }
[Pipeline] // load
[Pipeline] ansiColor
[Pipeline] {

[Pipeline] echo
[26-09-17 01:08] [34mINFO: Global Search post starting[0m
[Pipeline] }

[Pipeline] // ansiColor
[Pipeline] catchError
[Pipeline] {
[Pipeline] load
[Pipeline] { (dashboard/bucket.groovy)
[Pipeline] }
[Pipeline] // load
[Pipeline] load
[Pipeline] { (dashboard/pipeline.groovy)
[Pipeline] }
[Pipeline] // load
[Pipeline] catchError
[Pipeline] {
[Pipeline] withCredentials
Masking supported pattern matches of $API_TOKEN
[Pipeline] {
[Pipeline] sh
Warning: A secret was passed to "sh" using Groovy String interpolation, which is insecure.
		 Affected argument(s) used the following variable(s): [API_TOKEN]
		 See https://jenkins.io/redirect/groovy-string-interpolation for details.
[Pipeline] readJSON
[Pipeline] readJSON
[Pipeline] sh
Warning: A secret was passed to "sh" using Groovy String interpolation, which is insecure.
		 Affected argument(s) used the following variable(s): [API_TOKEN]
		 See https://jenkins.io/redirect/groovy-string-interpolation for details.
[Pipeline] readJSON
[Pipeline] {
[Pipeline] sh
[Pipeline] }
[Pipeline] readJSON
[Pipeline] ansiColor
[Pipeline] {

[Pipeline] echo
[26-09-17 01:08] [34mINFO: Updated Dashboard Bucket 323021[0m
[Pipeline] }

[Pipeline] // ansiColor
[Pipeline] }
[Pipeline] // withCredentials
[Pipeline] }
[Pipeline] // catchError
[Pipeline] load
[Pipeline] { (robobug/robobug.groovy)
[Pipeline] }
[Pipeline] // load
[Pipeline] load
[Pipeline] { (robobug/close_issue.groovy)
[Pipeline] }
[Pipeline] // load
[Pipeline] build
Scheduling project: CloseGithubIssue
[Pipeline] ansiColor
[Pipeline] {

[Pipeline] echo
[26-09-17 01:08] [32mPASS: Global Search bucket passed[0m
[Pipeline] }

[Pipeline] // ansiColor
[Pipeline] catchError
[Pipeline] {
[Pipeline] ansiColor
[Pipeline] {

[Pipeline] echo
[26-09-17 01:08] [34mINFO: Entering the JunitTestRail integration block.[0m
[Pipeline] }

[Pipeline] // ansiColor
[Pipeline] withCredentials
Masking supported pattern matches of $JENKINS_API_TOKEN or $USERNAME or $TESTRAIL_API_TOKEN
[Pipeline] {
[Pipeline] error
[Pipeline] }
[Pipeline] // withCredentials
[Pipeline] }
ERROR: No project name was found, quit further processing.
[Pipeline] // catchError
[Pipeline] }
[Pipeline] // catchError
[Pipeline] }
[Pipeline] // script
[Pipeline] }
[Pipeline] {
[Pipeline] // stage
[Pipeline] }
[Pipeline] }
[Pipeline] {
[Pipeline] }
[Pipeline] {
[Pipeline] }
[Pipeline] {
[Pipeline] }
[Pipeline] {
[Pipeline] }
[Pipeline] {
[Pipeline] }
[Pipeline] {
[Pipeline] }
[Pipeline] {
[Pipeline] }
[Pipeline] {
[Pipeline] }
[Pipeline] {
[Pipeline] }
[Pipeline] {
[Pipeline] }
[Pipeline] {
[Pipeline] }
[Pipeline] {
[Pipeline] }
[Pipeline] {
[Pipeline] }
[Pipeline] {
[Pipeline] }
[Pipeline] {
[Pipeline] }
[Pipeline] {
[Pipeline] }
[Pipeline] {
[Pipeline] }
[Pipeline] {
[Pipeline] }
[Pipeline] {
[Pipeline] ansiColor
[Pipeline] {

[Pipeline] echo
[26-09-17 01:13] [34mINFO: Bucket Profiling current status: RUNNING (32 minutes, 14.130 seconds)[0m
[Pipeline] }

[Pipeline] // ansiColor
[Pipeline] echo
Triggered job url (Profiling): http://iaqajenkinsserver11.fyre.ibm.com:8080/job/Regression/job/DataQuality/job/Profiling/job/Profiling_CXRegressions/137/
[Pipeline] }
[Pipeline] {
[Pipeline] }
[Pipeline] {
[Pipeline] }
[Pipeline] {
[Pipeline] }
[Pipeline] {
[Pipeline] }
[Pipeline] {
[Pipeline] }
[Pipeline] {
[Pipeline] }
[Pipeline] {
[Pipeline] }
[Pipeline] {
[Pipeline] }
[Pipeline] {
[Pipeline] }
[Pipeline] {
[Pipeline] }
[Pipeline] {
[Pipeline] }
[Pipeline] {
[Pipeline] }
[Pipeline] {
[Pipeline] }
[Pipeline] {
[Pipeline] }
[Pipeline] {
[Pipeline] }
[Pipeline] {
[Pipeline] }
[Pipeline] {
[Pipeline] }
[Pipeline] {
[Pipeline] }
[Pipeline] {
[Pipeline] }
[Pipeline] {
[Pipeline] }
[Pipeline] {
[Pipeline] }
[Pipeline] {
[Pipeline] }
[Pipeline] {
[Pipeline] }
[Pipeline] {
[Pipeline] }
[Pipeline] {
[Pipeline] }
[Pipeline] {
[Pipeline] }
[Pipeline] {
[Pipeline] }
[Pipeline] {
[Pipeline] }
[Pipeline] {
[Pipeline] }
[Pipeline] {
[Pipeline] }
[Pipeline] {
[Pipeline] }
[Pipeline] {
[Pipeline] }
[Pipeline] {
[Pipeline] }
[Pipeline] {
[Pipeline] }
[Pipeline] {
[Pipeline] }
[Pipeline] {
[Pipeline] ansiColor
[Pipeline] {

[Pipeline] echo
[26-09-17 01:23] [34mINFO: Bucket Profiling current status: RUNNING (42 minutes, 12.984 seconds)[0m
[Pipeline] }

[Pipeline] // ansiColor
[Pipeline] echo
Triggered job url (Profiling): http://iaqajenkinsserver11.fyre.ibm.com:8080/job/Regression/job/DataQuality/job/Profiling/job/Profiling_CXRegressions/137/
[Pipeline] }
[Pipeline] {
[Pipeline] }
[Pipeline] {
[Pipeline] }
[Pipeline] {
[Pipeline] }
[Pipeline] {
[Pipeline] }
[Pipeline] {
[Pipeline] }
[Pipeline] {
[Pipeline] }
[Pipeline] {
[Pipeline] }
[Pipeline] {
[Pipeline] }
[Pipeline] {
[Pipeline] }
[Pipeline] {
[Pipeline] }
[Pipeline] {
[Pipeline] }
[Pipeline] {
[Pipeline] }
[Pipeline] {
[Pipeline] }
[Pipeline] {
[Pipeline] }
[Pipeline] {
[Pipeline] }
[Pipeline] {
[Pipeline] }
[Pipeline] {
[Pipeline] }
[Pipeline] {
[Pipeline] }
[Pipeline] {
[Pipeline] }
[Pipeline] {
[Pipeline] }
[Pipeline] {
[Pipeline] }
[Pipeline] {
[Pipeline] }
[Pipeline] {
[Pipeline] }
[Pipeline] {
[Pipeline] }
[Pipeline] {
[Pipeline] }
[Pipeline] {
[Pipeline] }
[Pipeline] {
[Pipeline] }
[Pipeline] {
[Pipeline] }
[Pipeline] {
[Pipeline] }
[Pipeline] {
[Pipeline] }
[Pipeline] {
[Pipeline] }
[Pipeline] {
[Pipeline] }
[Pipeline] {
[Pipeline] }
[Pipeline] {
[Pipeline] }
[Pipeline] {
[Pipeline] }
[Pipeline] {
[Pipeline] ansiColor
[Pipeline] {

[Pipeline] echo
[26-09-17 01:33] [34mINFO: Bucket Profiling current status: RUNNING (52 minutes, 11.267 seconds)[0m
[Pipeline] }

[Pipeline] // ansiColor
[Pipeline] echo
Triggered job url (Profiling): http://iaqajenkinsserver11.fyre.ibm.com:8080/job/Regression/job/DataQuality/job/Profiling/job/Profiling_CXRegressions/137/
[Pipeline] }
[Pipeline] {
[Pipeline] }
[Pipeline] {
[Pipeline] }
[Pipeline] {
[Pipeline] }
[Pipeline] {
[Pipeline] }
[Pipeline] {
[Pipeline] }
[Pipeline] {
[Pipeline] }
[Pipeline] {
[Pipeline] }
[Pipeline] {
[Pipeline] }
[Pipeline] {
[Pipeline] }
[Pipeline] {
[Pipeline] }
[Pipeline] {
[Pipeline] }
[Pipeline] {
[Pipeline] }
[Pipeline] {
[Pipeline] }
[Pipeline] {
[Pipeline] }
[Pipeline] {
[Pipeline] }
[Pipeline] {
[Pipeline] }
[Pipeline] {
[Pipeline] }
[Pipeline] {
[Pipeline] }
[Pipeline] {
[Pipeline] }
[Pipeline] {
[Pipeline] }
[Pipeline] {
[Pipeline] }
[Pipeline] {
[Pipeline] }
[Pipeline] {
[Pipeline] }
[Pipeline] {
[Pipeline] }
[Pipeline] {
[Pipeline] }
[Pipeline] {
[Pipeline] }
[Pipeline] {
[Pipeline] }
[Pipeline] {
[Pipeline] }
[Pipeline] {
[Pipeline] }
[Pipeline] {
[Pipeline] }
[Pipeline] {
[Pipeline] }
[Pipeline] {
[Pipeline] }
[Pipeline] {
[Pipeline] }
[Pipeline] {
[Pipeline] }
[Pipeline] {
[Pipeline] }
[Pipeline] {
[Pipeline] ansiColor
[Pipeline] {

[Pipeline] echo
[26-09-17 01:43] [34mINFO: Bucket Profiling current status: RUNNING (1 hours, 2 minutes, 8.331 seconds)[0m
[Pipeline] }

[Pipeline] // ansiColor
[Pipeline] echo
Triggered job url (Profiling): http://iaqajenkinsserver11.fyre.ibm.com:8080/job/Regression/job/DataQuality/job/Profiling/job/Profiling_CXRegressions/137/
[Pipeline] }
[Pipeline] {
[Pipeline] }
[Pipeline] {
[Pipeline] }
[Pipeline] {
[Pipeline] }
[Pipeline] {
[Pipeline] }
[Pipeline] {
[Pipeline] }
[Pipeline] {
[Pipeline] }
[Pipeline] {
[Pipeline] }
[Pipeline] {
[Pipeline] }
[Pipeline] {
[Pipeline] }
[Pipeline] {
[Pipeline] }
[Pipeline] {
[Pipeline] }
[Pipeline] {
[Pipeline] }
[Pipeline] {
[Pipeline] }
[Pipeline] {
[Pipeline] }
[Pipeline] {
[Pipeline] }
[Pipeline] {
[Pipeline] }
[Pipeline] {
[Pipeline] }
[Pipeline] {
[Pipeline] }
[Pipeline] {
[Pipeline] }
[Pipeline] {
[Pipeline] }
[Pipeline] {
[Pipeline] }
[Pipeline] {
[Pipeline] }
[Pipeline] {
[Pipeline] }
[Pipeline] {
[Pipeline] }
[Pipeline] {
[Pipeline] }
[Pipeline] {
[Pipeline] }
[Pipeline] {
[Pipeline] }
[Pipeline] {
[Pipeline] }
[Pipeline] {
[Pipeline] }
[Pipeline] {
[Pipeline] }
[Pipeline] {
[Pipeline] }
[Pipeline] {
[Pipeline] }
[Pipeline] {
[Pipeline] }
[Pipeline] {
[Pipeline] }
[Pipeline] {
[Pipeline] }
[Pipeline] {
[Pipeline] ansiColor
[Pipeline] {

[Pipeline] echo
[26-09-17 01:53] [34mINFO: Bucket Profiling current status: RUNNING (1 hours, 12 minutes, 9.611 seconds)[0m
[Pipeline] }

[Pipeline] // ansiColor
[Pipeline] echo
Triggered job url (Profiling): http://iaqajenkinsserver11.fyre.ibm.com:8080/job/Regression/job/DataQuality/job/Profiling/job/Profiling_CXRegressions/137/
[Pipeline] }
[Pipeline] {
[Pipeline] }
[Pipeline] {
[Pipeline] }
[Pipeline] {
[Pipeline] }
[Pipeline] {
[Pipeline] }
[Pipeline] {
[Pipeline] }
[Pipeline] {
[Pipeline] }
[Pipeline] {
[Pipeline] }
[Pipeline] {
[Pipeline] }
[Pipeline] {
[Pipeline] }
[Pipeline] {
[Pipeline] }
[Pipeline] {
[Pipeline] }
[Pipeline] {
[Pipeline] }
[Pipeline] {
[Pipeline] }
[Pipeline] {
[Pipeline] }
[Pipeline] {
[Pipeline] }
[Pipeline] // waitUntil
[Pipeline] }
[Pipeline] // timeout
[Pipeline] }
[Pipeline] // withCredentials
[Pipeline] }
[Pipeline] // catchError
[Pipeline] load
[Pipeline] { (bucket/bucket_post.groovy)
[Pipeline] }
[Pipeline] // load
[Pipeline] ansiColor
[Pipeline] {

[Pipeline] echo
[26-09-17 01:58] [34mINFO: Profiling post starting[0m
[Pipeline] }

[Pipeline] // ansiColor
[Pipeline] catchError
[Pipeline] {
[Pipeline] load
[Pipeline] { (dashboard/bucket.groovy)
[Pipeline] }
[Pipeline] // load
[Pipeline] load
[Pipeline] { (dashboard/pipeline.groovy)
[Pipeline] }
[Pipeline] // load
[Pipeline] catchError
[Pipeline] {
[Pipeline] withCredentials
Masking supported pattern matches of $API_TOKEN
[Pipeline] {
[Pipeline] sh
Warning: A secret was passed to "sh" using Groovy String interpolation, which is insecure.
		 Affected argument(s) used the following variable(s): [API_TOKEN]
		 See https://jenkins.io/redirect/groovy-string-interpolation for details.
[Pipeline] readJSON
[Pipeline] readJSON
[Pipeline] sh
Warning: A secret was passed to "sh" using Groovy String interpolation, which is insecure.
		 Affected argument(s) used the following variable(s): [API_TOKEN]
		 See https://jenkins.io/redirect/groovy-string-interpolation for details.
[Pipeline] readJSON
[Pipeline] ansiColor
[Pipeline] {

[Pipeline] echo
[26-09-17 01:58] [33mWARN: Could not get Test Report info for Profiling[0m
[Pipeline] }

[Pipeline] // ansiColor
[Pipeline] sh
[Pipeline] readJSON
[Pipeline] ansiColor
[Pipeline] {

[Pipeline] echo
[26-09-17 01:58] [34mINFO: Updated Dashboard Bucket 323023[0m
[Pipeline] }

[Pipeline] // ansiColor
[Pipeline] }
[Pipeline] // withCredentials
[Pipeline] }
[Pipeline] // catchError
[Pipeline] load
[Pipeline] { (robobug/robobug.groovy)
[Pipeline] }
[Pipeline] // load
[Pipeline] load
[Pipeline] { (robobug/close_issue.groovy)
[Pipeline] }
[Pipeline] // load
[Pipeline] build
Scheduling project: CloseGithubIssue
[Pipeline] ansiColor
[Pipeline] {

[Pipeline] echo
[26-09-17 01:58] [32mPASS: Profiling bucket passed[0m
[Pipeline] }

[Pipeline] // ansiColor
[Pipeline] catchError
[Pipeline] {
[Pipeline] ansiColor
[Pipeline] {

[Pipeline] echo
[26-09-17 01:58] [34mINFO: Entering the JunitTestRail integration block.[0m
[Pipeline] }

[Pipeline] // ansiColor
[Pipeline] withCredentials
Masking supported pattern matches of $JENKINS_API_TOKEN or $USERNAME or $TESTRAIL_API_TOKEN
[Pipeline] {
[Pipeline] error
[Pipeline] }
[Pipeline] // withCredentials
[Pipeline] }
ERROR: No project name was found, quit further processing.
[Pipeline] // catchError
[Pipeline] }
[Pipeline] // catchError
[Pipeline] }
[Pipeline] // script
[Pipeline] }
[Pipeline] // stage
[Pipeline] }
[Pipeline] // parallel
[Pipeline] }
[Pipeline] // script
[Pipeline] }
[Pipeline] // stage
[Pipeline] stage
[Pipeline] { (Batch 3)
[Pipeline] script
[Pipeline] {
[Pipeline] parallel
[Pipeline] { (Branch: MDE)
[Pipeline] { (Branch: BI Data Service)
[Pipeline] { (Branch: DPS)
[Pipeline] { (Branch: DQ Rules)
[Pipeline] { (Branch: Metadata Import)
[Pipeline] stage
[Pipeline] { (MDE)
[Pipeline] stage
[Pipeline] { (BI Data Service)
[Pipeline] stage
[Pipeline] { (DPS)
[Pipeline] stage
[Pipeline] { (DQ Rules)
[Pipeline] stage
[Pipeline] { (Metadata Import)
[Pipeline] script
[Pipeline] {
[Pipeline] script
[Pipeline] {
[Pipeline] script
[Pipeline] {
[Pipeline] script
[Pipeline] {
[Pipeline] script
[Pipeline] {
[Pipeline] load
[Pipeline] { (bucket/bucket_pre.groovy)
[Pipeline] load
[Pipeline] { (bucket/bucket_pre.groovy)
[Pipeline] load
[Pipeline] { (bucket/bucket_pre.groovy)
[Pipeline] load
[Pipeline] { (bucket/bucket_pre.groovy)
[Pipeline] load
[Pipeline] { (bucket/bucket_pre.groovy)
[Pipeline] }
[Pipeline] }
[Pipeline] }
[Pipeline] }
[Pipeline] }
[Pipeline] // load
[Pipeline] // load
[Pipeline] // load
[Pipeline] // load
[Pipeline] // load
[Pipeline] ansiColor
[Pipeline] {

[Pipeline] ansiColor
[Pipeline] {

[Pipeline] ansiColor
[Pipeline] {

[Pipeline] ansiColor
[Pipeline] {

[Pipeline] ansiColor
[Pipeline] {

[Pipeline] echo
[26-09-17 01:58] [34mINFO: MDE pre check starting[0m
[Pipeline] }

[Pipeline] echo
[26-09-17 01:58] [34mINFO: BI Data Service pre check starting[0m
[Pipeline] }

[Pipeline] echo
[26-09-17 01:58] [34mINFO: DPS pre check starting[0m
[Pipeline] }

[Pipeline] echo
[26-09-17 01:58] [34mINFO: DQ Rules pre check starting[0m
[Pipeline] }

[Pipeline] echo
[26-09-17 01:58] [34mINFO: Metadata Import pre check starting[0m
[Pipeline] }

[Pipeline] // ansiColor
[Pipeline] // ansiColor
[Pipeline] // ansiColor
[Pipeline] // ansiColor
[Pipeline] // ansiColor
[Pipeline] load
[Pipeline] { (bucket/bucket.groovy)
[Pipeline] load
[Pipeline] { (groovy/wkc/sanity/util/bucket_precheck/policy.groovy)
[Pipeline] load
[Pipeline] { (bucket/bucket.groovy)
[Pipeline] load
[Pipeline] { (bucket/bucket.groovy)
[Pipeline] }
[Pipeline] }
[Pipeline] }
[Pipeline] }
[Pipeline] load
[Pipeline] { (bucket/bucket.groovy)
[Pipeline] }
[Pipeline] // load
[Pipeline] // load
[Pipeline] // load
[Pipeline] // load
[Pipeline] catchError
[Pipeline] {
[Pipeline] load
[Pipeline] { (util/job_local_retry.groovy)
[Pipeline] catchError
[Pipeline] {
[Pipeline] catchError
[Pipeline] {
[Pipeline] }
[Pipeline] ansiColor
[Pipeline] {

[Pipeline] ansiColor
[Pipeline] {

[Pipeline] ansiColor
[Pipeline] {

[Pipeline] echo
[26-09-17 01:58] [34mINFO: BI Data Service validation starting[0m
[Pipeline] }

[Pipeline] echo
[26-09-17 01:58] [34mINFO: DQ Rules validation starting[0m
[Pipeline] }

[Pipeline] echo
[26-09-17 01:58] [34mINFO: Metadata Import validation starting[0m
[Pipeline] }

[Pipeline] // load
[Pipeline] catchError
[Pipeline] {
[Pipeline] ansiColor
[Pipeline] {

[Pipeline] echo
[26-09-17 01:58] [34mINFO: MDE validation starting[0m
[Pipeline] }

[Pipeline] // load
[Pipeline] ansiColor
[Pipeline] {

[Pipeline] // ansiColor
[Pipeline] // ansiColor
[Pipeline] // ansiColor
[Pipeline] load
[Pipeline] { (dashboard/bucket.groovy)
[Pipeline] load
[Pipeline] { (dashboard/bucket.groovy)
[Pipeline] load
[Pipeline] { (dashboard/bucket.groovy)
[Pipeline] echo
[26-09-17 01:58] [34mINFO: Building local job PolicyPrecheck, try #1[0m
[Pipeline] }

[Pipeline] }
[Pipeline] }
[Pipeline] }
[Pipeline] // ansiColor
[Pipeline] load
[Pipeline] { (dashboard/bucket.groovy)
[Pipeline] }
[Pipeline] // ansiColor
[Pipeline] build
Scheduling project: PolicyPrecheck
[Pipeline] // load
[Pipeline] // load
[Pipeline] // load
[Pipeline] load
[Pipeline] { (dashboard/pipeline.groovy)
[Pipeline] load
[Pipeline] { (dashboard/pipeline.groovy)
[Pipeline] load
[Pipeline] { (dashboard/pipeline.groovy)
[Pipeline] // load
[Pipeline] }
[Pipeline] }
[Pipeline] }
[Pipeline] load
[Pipeline] { (dashboard/pipeline.groovy)
[Pipeline] }
[Pipeline] // load
[Pipeline] // load
[Pipeline] // load
[Pipeline] catchError
[Pipeline] {
[Pipeline] catchError
[Pipeline] {
[Pipeline] catchError
[Pipeline] {
[Pipeline] // load
[Pipeline] sh
[Pipeline] sh
[Pipeline] sh
[Pipeline] catchError
[Pipeline] {
[Pipeline] sh
[Pipeline] readJSON
[Pipeline] readJSON
[Pipeline] readJSON
[Pipeline] readJSON
Starting building: PolicyPrecheck #4325
[Pipeline] ansiColor
[Pipeline] {

[Pipeline] ansiColor
[Pipeline] {

[Pipeline] ansiColor
[Pipeline] {

[Pipeline] echo
[26-09-17 01:59] [34mINFO: Added Dashboard Bucket 323026[0m
[Pipeline] }

[Pipeline] ansiColor
[Pipeline] {

[Pipeline] echo
[26-09-17 01:59] [34mINFO: Added Dashboard Bucket 323027[0m
[Pipeline] }

[Pipeline] echo
[26-09-17 01:59] [34mINFO: Added Dashboard Bucket 323028[0m
[Pipeline] }

[Pipeline] echo
[26-09-17 01:59] [34mINFO: Added Dashboard Bucket 323029[0m
[Pipeline] }

[Pipeline] // ansiColor
[Pipeline] }
[Pipeline] // ansiColor
[Pipeline] // ansiColor
[Pipeline] }
[Pipeline] }
[Pipeline] // ansiColor
[Pipeline] }
[Pipeline] // catchError
[Pipeline] withCredentials
Masking supported pattern matches of $API_TOKEN
[Pipeline] // catchError
[Pipeline] // catchError
[Pipeline] withCredentials
Masking supported pattern matches of $API_TOKEN
[Pipeline] withCredentials
Masking supported pattern matches of $API_TOKEN
[Pipeline] // catchError
[Pipeline] withCredentials
Masking supported pattern matches of $API_TOKEN
Build PolicyPrecheck #4325 completed: SUCCESS
[Pipeline] {
[Pipeline] timeout
Timeout set to expire in 2 hr 0 min
[Pipeline] {
[Pipeline] {
[Pipeline] {
[Pipeline] {
[Pipeline] load
[Pipeline] { (bucket/bucket.groovy)
[Pipeline] load
[Pipeline] { (util/job_remote_retry.groovy)
[Pipeline] timeout
Timeout set to expire in 4 hr 0 min
[Pipeline] {
[Pipeline] timeout
Timeout set to expire in 1 hr 5 min
[Pipeline] {
[Pipeline] timeout
Timeout set to expire in 3 hr 0 min
[Pipeline] {
[Pipeline] }
[Pipeline] }
[Pipeline] load
[Pipeline] { (util/job_remote_retry.groovy)
[Pipeline] load
[Pipeline] { (util/job_remote_retry.groovy)
[Pipeline] load
[Pipeline] { (util/job_remote_retry.groovy)
[Pipeline] }
[Pipeline] }
[Pipeline] }
[Pipeline] // load
[Pipeline] // load
[Pipeline] catchError
[Pipeline] {
[Pipeline] ansiColor
[Pipeline] {

[Pipeline] ansiColor
[Pipeline] {

[Pipeline] // load
[Pipeline] // load
[Pipeline] echo
[26-09-17 01:59] [34mINFO: Building remote job BI Data Service, try #1[0m
[Pipeline] }

[Pipeline] // load
[Pipeline] echo
[26-09-17 01:59] [34mINFO: DPS validation starting[0m
[Pipeline] }

[Pipeline] ansiColor
[Pipeline] {

[Pipeline] ansiColor
[Pipeline] {

[Pipeline] ansiColor
[Pipeline] {

[Pipeline] echo
[26-09-17 01:59] [34mINFO: Building remote job DQ Rules, try #1[0m
[Pipeline] }

[Pipeline] echo
[26-09-17 01:59] [34mINFO: Building remote job Metadata Import, try #1[0m
[Pipeline] }

[Pipeline] echo
[26-09-17 01:59] [34mINFO: Building remote job MDE, try #1[0m
[Pipeline] }

[Pipeline] // ansiColor
[Pipeline] triggerRemoteJob
################################################################################################################
  Parameterized Remote Trigger Configuration:
    - job:                     Development/devops-ivt/wkc-bi-data-service/wkc-bi-data-service-cx 
    - remoteJenkinsName:       dataconn-jenkins
    - parameters:              {Cluster Code=418ocs08f, ROOT_PWD=Th3P!r@t3P7an3t, Product=WKC, WDP_SERVICE_ID="YVdOd05HUXRaR1YyT25Zd2VHRm9PRzloUlRkcGFHMD0=", OC_USER=kubeadmin, OC API URL=https://api.418ocs08f.cp.fyre.ibm.com:6443, Parent Job URL=http://wkc-jenkins-app.fyre.ibm.com:8080/blue/organizations/jenkins/Overseer/detail/Ironwood/2678/pipeline/, MACHINE_IP=cpd-wxdi.apps.418ocs08f.cp.fyre.ibm.com, OC Namespace=wxdi, OC Token=, OMAG E2E=Skip Workload, Architecture=x, VAULT_TYPE=NONE, Secured By=NONE, Vault Type=NONE, OC_TOKEN=, PASSWORD=ExndOfab0RiK, Override Options=, OC_NAMESPACE=wxdi, OC Password=rwrRo-KjrFa-gFjhP-HN6gN, Build IDs=CustomRun:true, Legend=Custom Stage Run, Diagnostics=true, OC_PASSWORD=rwrRo-KjrFa-gFjhP-HN6gN, WKC_PASSWORD=ExndOfab0RiK, CP_CONSOLE=https://console-openshift-console.apps.418ocs08f.cp.fyre.ibm.com, Slack Channels=ironwood-build-info, URL=https://cpd-wxdi.apps.418ocs08f.cp.fyre.ibm.com, OC_URL=https://api.418ocs08f.cp.fyre.ibm.com:6443, WKC_HOST=cpd-wxdi.apps.418ocs08f.cp.fyre.ibm.com, ROOT_PASSWORD=Th3P!r@t3P7an3t, SECURED_BY=NONE, Branch=Ironwood, Scorecard=CX 5.4.0 WKC, OC_PASS=rwrRo-KjrFa-gFjhP-HN6gN, Release=5.4.0, CP4D Project URL=https://cpd-wxdi.apps.418ocs08f.cp.fyre.ibm.com, Password=ExndOfab0RiK, User_Name=admin, WKC_URL=https://cpd-wxdi.apps.418ocs08f.cp.fyre.ibm.com, WKC_USERNAME=admin, Scale=Small, Pipeline=api:http://devoptics-app.fyre.ibm.com/api/overlord_products/foundation/?name=WKC&type=Regression&release=5.4.0, Type=Regression, Admin User=admin, Openshift Console URL=https://console-openshift-console.apps.418ocs08f.cp.fyre.ibm.com, Git Repository=, Root Password=Th3P!r@t3P7an3t, OC User=kubeadmin, Admin Password=ExndOfab0RiK, PlatformType=x, Operator Namespace=wxdi-operators}
    - blockBuildUntilComplete: false
    - connectionRetryLimit:    5
    - trustAllCertificates:    false
################################################################################################################
Triggering parameterized remote job 'https://dataconn-jenkins.swg-devops.com/job/Development/job/devops-ivt/job/wkc-bi-data-service/job/wkc-bi-data-service-cx'
  Using globally defined 'Token Authentication' as user 'bff@us.ibm.com'
Triggering remote job now.
The remote job is buildable. Waiting for next available executor on ‘cf_slave’.
[Pipeline] // ansiColor
[Pipeline] load
[Pipeline] { (dashboard/bucket.groovy)
[Pipeline] }
[Pipeline] // ansiColor
[Pipeline] // ansiColor
[Pipeline] triggerRemoteJob
[Pipeline] triggerRemoteJob
################################################################################################################
  Parameterized Remote Trigger Configuration:
    - job:                     Regression/DataQuality/DataRules/DQRule_CXRegression 
    - remoteJenkinsName:       iaqajenkinsserver11
    - parameters:              {Cluster Code=418ocs08f, ROOT_PWD=Th3P!r@t3P7an3t, Product=WKC, WDP_SERVICE_ID="YVdOd05HUXRaR1YyT25Zd2VHRm9PRzloUlRkcGFHMD0=", OC_USER=kubeadmin, OC API URL=https://api.418ocs08f.cp.fyre.ibm.com:6443, Parent Job URL=http://wkc-jenkins-app.fyre.ibm.com:8080/blue/organizations/jenkins/Overseer/detail/Ironwood/2678/pipeline/, MACHINE_IP=cpd-wxdi.apps.418ocs08f.cp.fyre.ibm.com, OC Namespace=wxdi, OC Token=, OMAG E2E=Skip Workload, Architecture=x, VAULT_TYPE=NONE, Secured By=NONE, Vault Type=NONE, OC_TOKEN=, PASSWORD=ExndOfab0RiK, Override Options=, OC_NAMESPACE=wxdi, OC Password=rwrRo-KjrFa-gFjhP-HN6gN, Build IDs=CustomRun:true, Legend=Custom Stage Run, Diagnostics=true, OC_PASSWORD=rwrRo-KjrFa-gFjhP-HN6gN, WKC_PASSWORD=ExndOfab0RiK, CP_CONSOLE=https://console-openshift-console.apps.418ocs08f.cp.fyre.ibm.com, Slack Channels=ironwood-build-info, URL=https://cpd-wxdi.apps.418ocs08f.cp.fyre.ibm.com, OC_URL=https://api.418ocs08f.cp.fyre.ibm.com:6443, WKC_HOST=cpd-wxdi.apps.418ocs08f.cp.fyre.ibm.com, ROOT_PASSWORD=Th3P!r@t3P7an3t, SECURED_BY=NONE, Branch=Ironwood, Scorecard=CX 5.4.0 WKC, OC_PASS=rwrRo-KjrFa-gFjhP-HN6gN, Release=5.4.0, CP4D Project URL=https://cpd-wxdi.apps.418ocs08f.cp.fyre.ibm.com, Password=ExndOfab0RiK, User_Name=admin, WKC_URL=https://cpd-wxdi.apps.418ocs08f.cp.fyre.ibm.com, WKC_USERNAME=admin, Scale=Small, Pipeline=api:http://devoptics-app.fyre.ibm.com/api/overlord_products/foundation/?name=WKC&type=Regression&release=5.4.0, Type=Regression, Admin User=admin, Openshift Console URL=https://console-openshift-console.apps.418ocs08f.cp.fyre.ibm.com, Git Repository=, Root Password=Th3P!r@t3P7an3t, OC User=kubeadmin, Admin Password=ExndOfab0RiK, PlatformType=x, Operator Namespace=wxdi-operators}
    - blockBuildUntilComplete: false
    - connectionRetryLimit:    5
    - trustAllCertificates:    false
################################################################################################################
################################################################################################################
  Parameterized Remote Trigger Configuration:
    - job:                     MDI/MDI Test/MDI_API_Regression_CPD 
    - remoteJenkinsName:       hyc-siq-jenkins
    - parameters:              {Cluster Code=418ocs08f, ROOT_PWD=Th3P!r@t3P7an3t, Product=WKC, WDP_SERVICE_ID="YVdOd05HUXRaR1YyT25Zd2VHRm9PRzloUlRkcGFHMD0=", OC_USER=kubeadmin, OC API URL=https://api.418ocs08f.cp.fyre.ibm.com:6443, Parent Job URL=http://wkc-jenkins-app.fyre.ibm.com:8080/blue/organizations/jenkins/Overseer/detail/Ironwood/2678/pipeline/, MACHINE_IP=cpd-wxdi.apps.418ocs08f.cp.fyre.ibm.com, OC Namespace=wxdi, OC Token=, OMAG E2E=Skip Workload, Architecture=x, VAULT_TYPE=NONE, Secured By=NONE, Vault Type=NONE, OC_TOKEN=, PASSWORD=ExndOfab0RiK, Override Options=, OC_NAMESPACE=wxdi, OC Password=rwrRo-KjrFa-gFjhP-HN6gN, Build IDs=CustomRun:true, Legend=Custom Stage Run, Diagnostics=true, OC_PASSWORD=rwrRo-KjrFa-gFjhP-HN6gN, WKC_PASSWORD=ExndOfab0RiK, CP_CONSOLE=https://console-openshift-console.apps.418ocs08f.cp.fyre.ibm.com, Slack Channels=ironwood-build-info, URL=https://cpd-wxdi.apps.418ocs08f.cp.fyre.ibm.com, OC_URL=https://api.418ocs08f.cp.fyre.ibm.com:6443, WKC_HOST=cpd-wxdi.apps.418ocs08f.cp.fyre.ibm.com, ROOT_PASSWORD=Th3P!r@t3P7an3t, SECURED_BY=NONE, Branch=Ironwood, Scorecard=CX 5.4.0 WKC, OC_PASS=rwrRo-KjrFa-gFjhP-HN6gN, Release=5.4.0, CP4D Project URL=https://cpd-wxdi.apps.418ocs08f.cp.fyre.ibm.com, Password=ExndOfab0RiK, User_Name=admin, WKC_URL=https://cpd-wxdi.apps.418ocs08f.cp.fyre.ibm.com, WKC_USERNAME=admin, Scale=Small, Pipeline=api:http://devoptics-app.fyre.ibm.com/api/overlord_products/foundation/?name=WKC&type=Regression&release=5.4.0, Type=Regression, Admin User=admin, Openshift Console URL=https://console-openshift-console.apps.418ocs08f.cp.fyre.ibm.com, Git Repository=, Root Password=Th3P!r@t3P7an3t, OC User=kubeadmin, Admin Password=ExndOfab0RiK, PlatformType=x, Operator Namespace=wxdi-operators}
    - blockBuildUntilComplete: false
    - connectionRetryLimit:    5
    - trustAllCertificates:    false
################################################################################################################
Triggering parameterized remote job 'https://hyc-siq-jenkins.swg-devops.com/job/MDI/job/MDI%20Test/job/MDI_API_Regression_CPD'
  Using globally defined 'Token Authentication' as user 'bff@us.ibm.com'
Triggering remote job now.
[Pipeline] // ansiColor
Triggering parameterized remote job 'http://iaqajenkinsserver11.fyre.ibm.com:8080/job/Regression/job/DataQuality/job/DataRules/job/DQRule_CXRegression'
  Using globally defined 'Token Authentication' as user 'bff@us.ibm.com'
Triggering remote job now.
[Pipeline] triggerRemoteJob
################################################################################################################
  Parameterized Remote Trigger Configuration:
    - job:                     Regression/MDE_KeyAnalysis/MDE_APIAutomation/MDE_FVTBucket_CP4D 
    - remoteJenkinsName:       iaqajenkinsserver11
    - parameters:              {Cluster Code=418ocs08f, ROOT_PWD=Th3P!r@t3P7an3t, Product=WKC, WDP_SERVICE_ID="YVdOd05HUXRaR1YyT25Zd2VHRm9PRzloUlRkcGFHMD0=", OC_USER=kubeadmin, OC API URL=https://api.418ocs08f.cp.fyre.ibm.com:6443, Parent Job URL=http://wkc-jenkins-app.fyre.ibm.com:8080/blue/organizations/jenkins/Overseer/detail/Ironwood/2678/pipeline/, MACHINE_IP=cpd-wxdi.apps.418ocs08f.cp.fyre.ibm.com, OC Namespace=wxdi, OC Token=, OMAG E2E=Skip Workload, Architecture=x, VAULT_TYPE=NONE, Secured By=NONE, Vault Type=NONE, OC_TOKEN=, PASSWORD=ExndOfab0RiK, Override Options=, OC_NAMESPACE=wxdi, OC Password=rwrRo-KjrFa-gFjhP-HN6gN, Build IDs=CustomRun:true, Legend=Custom Stage Run, Diagnostics=true, OC_PASSWORD=rwrRo-KjrFa-gFjhP-HN6gN, WKC_PASSWORD=ExndOfab0RiK, CP_CONSOLE=https://console-openshift-console.apps.418ocs08f.cp.fyre.ibm.com, Slack Channels=ironwood-build-info, URL=https://cpd-wxdi.apps.418ocs08f.cp.fyre.ibm.com, OC_URL=https://api.418ocs08f.cp.fyre.ibm.com:6443, WKC_HOST=cpd-wxdi.apps.418ocs08f.cp.fyre.ibm.com, ROOT_PASSWORD=Th3P!r@t3P7an3t, SECURED_BY=NONE, Branch=Ironwood, Scorecard=CX 5.4.0 WKC, OC_PASS=rwrRo-KjrFa-gFjhP-HN6gN, Release=5.4.0, CP4D Project URL=https://cpd-wxdi.apps.418ocs08f.cp.fyre.ibm.com, Password=ExndOfab0RiK, User_Name=admin, WKC_URL=https://cpd-wxdi.apps.418ocs08f.cp.fyre.ibm.com, WKC_USERNAME=admin, Scale=Small, Pipeline=api:http://devoptics-app.fyre.ibm.com/api/overlord_products/foundation/?name=WKC&type=Regression&release=5.4.0, Type=Regression, Admin User=admin, Openshift Console URL=https://console-openshift-console.apps.418ocs08f.cp.fyre.ibm.com, Git Repository=, Root Password=Th3P!r@t3P7an3t, OC User=kubeadmin, Admin Password=ExndOfab0RiK, PlatformType=x, Operator Namespace=wxdi-operators}
    - blockBuildUntilComplete: false
    - connectionRetryLimit:    5
    - trustAllCertificates:    false
################################################################################################################
[Pipeline] waitUntil
[Pipeline] {
Triggering parameterized remote job 'http://iaqajenkinsserver11.fyre.ibm.com:8080/job/Regression/job/MDE_KeyAnalysis/job/MDE_APIAutomation/job/MDE_FVTBucket_CP4D'
  Using globally defined 'Token Authentication' as user 'bff@us.ibm.com'
Triggering remote job now.
[Pipeline] }
[Pipeline] // load
[Pipeline] load
[Pipeline] { (dashboard/pipeline.groovy)
[Pipeline] echo
Triggered parameterized remote job url (Metadata Import): https://hyc-siq-jenkins.swg-devops.com/job/MDI/job/MDI%20Test/job/MDI_API_Regression_CPD/629/
[Pipeline] load
[Pipeline] { (dashboard/bucket.groovy)
[Pipeline] }
[Pipeline] }
[Pipeline] echo
Triggered parameterized remote job url (DQ Rules): http://iaqajenkinsserver11.fyre.ibm.com:8080/job/Regression/job/DataQuality/job/DataRules/job/DQRule_CXRegression/1051/
[Pipeline] load
[Pipeline] { (dashboard/bucket.groovy)
[Pipeline] }
[Pipeline] echo
Triggered parameterized remote job url (MDE): http://iaqajenkinsserver11.fyre.ibm.com:8080/job/Regression/job/MDE_KeyAnalysis/job/MDE_APIAutomation/job/MDE_FVTBucket_CP4D/1007/
[Pipeline] load
[Pipeline] { (dashboard/bucket.groovy)
[Pipeline] }
[Pipeline] // load
[Pipeline] // load
[Pipeline] catchError
[Pipeline] {
[Pipeline] load
[Pipeline] { (dashboard/pipeline.groovy)
[Pipeline] sh
[Pipeline] // load
[Pipeline] }
[Pipeline] load
[Pipeline] { (dashboard/pipeline.groovy)
[Pipeline] // load
[Pipeline] }
[Pipeline] load
[Pipeline] { (dashboard/pipeline.groovy)
[Pipeline] }
[Pipeline] readJSON
[Pipeline] // load
[Pipeline] catchError
[Pipeline] {
[Pipeline] sh
[Pipeline] // load
[Pipeline] catchError
[Pipeline] {
[Pipeline] // load
[Pipeline] sh
[Pipeline] catchError
[Pipeline] {
[Pipeline] ansiColor
[Pipeline] {

[Pipeline] sh
[Pipeline] echo
[26-09-17 01:59] [34mINFO: Added Dashboard Bucket 323030[0m
[Pipeline] }

[Pipeline] readJSON
[Pipeline] readJSON
[Pipeline] // ansiColor
[Pipeline] }
[Pipeline] readJSON
[Pipeline] ansiColor
[Pipeline] {

[Pipeline] ansiColor
[Pipeline] {

[Pipeline] // catchError
[Pipeline] withCredentials
Masking supported pattern matches of $API_TOKEN
[Pipeline] echo
[26-09-17 01:59] [34mINFO: Updated Dashboard Bucket 323028[0m
[Pipeline] }

[Pipeline] ansiColor
[Pipeline] {

[Pipeline] echo
[26-09-17 01:59] [34mINFO: Updated Dashboard Bucket 323027[0m
[Pipeline] }

[Pipeline] echo
[26-09-17 01:59] [34mINFO: Updated Dashboard Bucket 323029[0m
[Pipeline] }

[Pipeline] {
[Pipeline] // ansiColor
[Pipeline] }
[Pipeline] timeout
Timeout set to expire in 1 hr 0 min
[Pipeline] {
[Pipeline] // ansiColor
[Pipeline] }
[Pipeline] // ansiColor
[Pipeline] }
[Pipeline] load
[Pipeline] { (util/job_remote_retry.groovy)
[Pipeline] // catchError
[Pipeline] waitUntil
[Pipeline] {
[Pipeline] }
[Pipeline] {
[Pipeline] }
[Pipeline] // catchError
[Pipeline] waitUntil
[Pipeline] {
[Pipeline] echo
Triggered parameterized remote job url (BI Data Service): https://dataconn-jenkins.swg-devops.com/job/Development/job/devops-ivt/job/wkc-bi-data-service/job/wkc-bi-data-service-cx/7590/
[Pipeline] load
[Pipeline] { (dashboard/bucket.groovy)
[Pipeline] // catchError
[Pipeline] waitUntil
[Pipeline] {
[Pipeline] }
[Pipeline] }
[Pipeline] }
[Pipeline] // load
[Pipeline] ansiColor
[Pipeline] {

[Pipeline] echo
[26-09-17 01:59] [34mINFO: Building remote job DPS, try #1[0m
[Pipeline] }

[Pipeline] // load
[Pipeline] load
[Pipeline] { (dashboard/pipeline.groovy)
[Pipeline] }
[Pipeline] // ansiColor
[Pipeline] triggerRemoteJob
################################################################################################################
  Parameterized Remote Trigger Configuration:
    - job:                     Development/dps_ts/DPS_TestsRun 
    - remoteJenkinsName:       dataconn-jenkins
    - parameters:              {Cluster Code=418ocs08f, ROOT_PWD=Th3P!r@t3P7an3t, Product=WKC, WDP_SERVICE_ID="YVdOd05HUXRaR1YyT25Zd2VHRm9PRzloUlRkcGFHMD0=", OC_USER=kubeadmin, OC API URL=https://api.418ocs08f.cp.fyre.ibm.com:6443, Parent Job URL=http://wkc-jenkins-app.fyre.ibm.com:8080/blue/organizations/jenkins/Overseer/detail/Ironwood/2678/pipeline/, MACHINE_IP=cpd-wxdi.apps.418ocs08f.cp.fyre.ibm.com, OC Namespace=wxdi, OC Token=, OMAG E2E=Skip Workload, Architecture=x, VAULT_TYPE=NONE, Secured By=NONE, Vault Type=NONE, OC_TOKEN=, PASSWORD=ExndOfab0RiK, Override Options=, OC_NAMESPACE=wxdi, OC Password=rwrRo-KjrFa-gFjhP-HN6gN, Build IDs=CustomRun:true, Legend=Custom Stage Run, Diagnostics=true, OC_PASSWORD=rwrRo-KjrFa-gFjhP-HN6gN, WKC_PASSWORD=ExndOfab0RiK, CP_CONSOLE=https://console-openshift-console.apps.418ocs08f.cp.fyre.ibm.com, Slack Channels=ironwood-build-info, URL=https://cpd-wxdi.apps.418ocs08f.cp.fyre.ibm.com, OC_URL=https://api.418ocs08f.cp.fyre.ibm.com:6443, WKC_HOST=cpd-wxdi.apps.418ocs08f.cp.fyre.ibm.com, ROOT_PASSWORD=Th3P!r@t3P7an3t, SECURED_BY=NONE, Branch=Ironwood, Scorecard=CX 5.4.0 WKC, OC_PASS=rwrRo-KjrFa-gFjhP-HN6gN, Release=5.4.0, CP4D Project URL=https://cpd-wxdi.apps.418ocs08f.cp.fyre.ibm.com, Password=ExndOfab0RiK, User_Name=admin, WKC_URL=https://cpd-wxdi.apps.418ocs08f.cp.fyre.ibm.com, WKC_USERNAME=admin, Scale=Small, Pipeline=api:http://devoptics-app.fyre.ibm.com/api/overlord_products/foundation/?name=WKC&type=Regression&release=5.4.0, Type=Regression, Admin User=admin, Openshift Console URL=https://console-openshift-console.apps.418ocs08f.cp.fyre.ibm.com, Git Repository=, Root Password=Th3P!r@t3P7an3t, OC User=kubeadmin, Admin Password=ExndOfab0RiK, PlatformType=x, Operator Namespace=wxdi-operators}
    - blockBuildUntilComplete: false
    - connectionRetryLimit:    5
    - trustAllCertificates:    false
################################################################################################################
Triggering parameterized remote job 'https://dataconn-jenkins.swg-devops.com/job/Development/job/dps_ts/job/DPS_TestsRun'
  Using globally defined 'Token Authentication' as user 'bff@us.ibm.com'
Triggering remote job now.
The remote job is buildable. Waiting for next available executor on ‘cf_slave’.
[Pipeline] // load
[Pipeline] waitUntil
[Pipeline] {
[Pipeline] catchError
[Pipeline] {
[Pipeline] }
[Pipeline] sh
[Pipeline] readJSON
[Pipeline] ansiColor
[Pipeline] {

[Pipeline] echo
[26-09-17 01:59] [34mINFO: Updated Dashboard Bucket 323026[0m
[Pipeline] }

[Pipeline] // ansiColor
[Pipeline] }
[Pipeline] // catchError
[Pipeline] }
[Pipeline] {
[Pipeline] }
[Pipeline] {
[Pipeline] {
[Pipeline] }
[Pipeline] }
[Pipeline] {
[Pipeline] echo
Triggered parameterized remote job url (DPS): https://dataconn-jenkins.swg-devops.com/job/Development/job/dps_ts/job/DPS_TestsRun/3035/
[Pipeline] load
[Pipeline] { (dashboard/bucket.groovy)
[Pipeline] }
[Pipeline] // load
[Pipeline] load
[Pipeline] { (dashboard/pipeline.groovy)
[Pipeline] }
[Pipeline] // load
[Pipeline] catchError
[Pipeline] {
[Pipeline] sh
[Pipeline] {
[Pipeline] readJSON
[Pipeline] }
[Pipeline] ansiColor
[Pipeline] {

[Pipeline] echo
[26-09-17 02:00] [34mINFO: Updated Dashboard Bucket 323030[0m
[Pipeline] }

[Pipeline] // ansiColor
[Pipeline] }
[Pipeline] // catchError
[Pipeline] }
[Pipeline] {
[Pipeline] }
[Pipeline] {
[Pipeline] }
[Pipeline] {
[Pipeline] }
[Pipeline] {
[Pipeline] }
[Pipeline] {
[Pipeline] }
[Pipeline] {
[Pipeline] }
[Pipeline] {
[Pipeline] }
[Pipeline] {
[Pipeline] }
[Pipeline] {
[Pipeline] }
[Pipeline] {
[Pipeline] }
[Pipeline] {
[Pipeline] }
[Pipeline] {
[Pipeline] }
[Pipeline] {
[Pipeline] }
[Pipeline] {
[Pipeline] }
[Pipeline] {
[Pipeline] }
[Pipeline] {
[Pipeline] }
[Pipeline] {
[Pipeline] }
[Pipeline] {
[Pipeline] }
[Pipeline] {
[Pipeline] ansiColor
[Pipeline] {

[Pipeline] echo
[26-09-17 02:01] [34mINFO: Bucket BI Data Service current status: RUNNING (2 minutes, 1.843 seconds)[0m
[Pipeline] }

[Pipeline] // ansiColor
[Pipeline] echo
Triggered job url (BI Data Service): https://dataconn-jenkins.swg-devops.com/job/Development/job/devops-ivt/job/wkc-bi-data-service/job/wkc-bi-data-service-cx/7590/
[Pipeline] }
[Pipeline] {
[Pipeline] }
[Pipeline] {
[Pipeline] ansiColor
[Pipeline] {

[Pipeline] echo
[26-09-17 02:01] [34mINFO: Bucket Metadata Import current status: RUNNING (2 minutes, 4.168 seconds)[0m
[Pipeline] }

[Pipeline] // ansiColor
[Pipeline] echo
Triggered job url (Metadata Import): https://hyc-siq-jenkins.swg-devops.com/job/MDI/job/MDI%20Test/job/MDI_API_Regression_CPD/629/
[Pipeline] }
[Pipeline] {
[Pipeline] ansiColor
[Pipeline] {

[Pipeline] echo
[26-09-17 02:01] [34mINFO: Bucket DQ Rules current status: RUNNING (2 minutes, 9.763 seconds)[0m
[Pipeline] }

[Pipeline] // ansiColor
[Pipeline] echo
Triggered job url (DQ Rules): http://iaqajenkinsserver11.fyre.ibm.com:8080/job/Regression/job/DataQuality/job/DataRules/job/DQRule_CXRegression/1051/
[Pipeline] }
[Pipeline] {
[Pipeline] ansiColor
[Pipeline] {

[Pipeline] echo
[26-09-17 02:01] [34mINFO: Bucket MDE current status: RUNNING (2 minutes, 12.253 seconds)[0m
[Pipeline] }

[Pipeline] // ansiColor
[Pipeline] echo
Triggered job url (MDE): http://iaqajenkinsserver11.fyre.ibm.com:8080/job/Regression/job/MDE_KeyAnalysis/job/MDE_APIAutomation/job/MDE_FVTBucket_CP4D/1007/
[Pipeline] }
[Pipeline] {
[Pipeline] }
[Pipeline] {
[Pipeline] }
[Pipeline] {
[Pipeline] }
[Pipeline] {
[Pipeline] }
[Pipeline] {
[Pipeline] }
[Pipeline] {
[Pipeline] }
[Pipeline] {
[Pipeline] ansiColor
[Pipeline] {

[Pipeline] echo
[26-09-17 02:01] [34mINFO: Bucket DPS current status: RUNNING (2 minutes, 2.550 seconds)[0m
[Pipeline] }

[Pipeline] // ansiColor
[Pipeline] echo
Triggered job url (DPS): https://dataconn-jenkins.swg-devops.com/job/Development/job/dps_ts/job/DPS_TestsRun/3035/
[Pipeline] }
[Pipeline] {
[Pipeline] }
[Pipeline] {
[Pipeline] }
[Pipeline] {
[Pipeline] }
[Pipeline] {
[Pipeline] }
[Pipeline] {
[Pipeline] }
[Pipeline] {
[Pipeline] }
[Pipeline] {
[Pipeline] }
[Pipeline] {
[Pipeline] }
[Pipeline] {
[Pipeline] }
[Pipeline] {
[Pipeline] }
[Pipeline] {
[Pipeline] }
[Pipeline] {
[Pipeline] }
[Pipeline] {
[Pipeline] }
[Pipeline] {
[Pipeline] }
[Pipeline] {
[Pipeline] }
[Pipeline] {
[Pipeline] }
[Pipeline] {
[Pipeline] }
[Pipeline] {
[Pipeline] }
[Pipeline] {
[Pipeline] }
[Pipeline] {
[Pipeline] }
[Pipeline] {
[Pipeline] }
[Pipeline] {
[Pipeline] }
[Pipeline] {
[Pipeline] }
[Pipeline] {
[Pipeline] }
[Pipeline] {
[Pipeline] }
[Pipeline] {
[Pipeline] }
[Pipeline] {
[Pipeline] }
[Pipeline] {
[Pipeline] }
[Pipeline] {
[Pipeline] }
[Pipeline] {
[Pipeline] }
[Pipeline] {
[Pipeline] }
[Pipeline] {
[Pipeline] }
[Pipeline] {
[Pipeline] }
[Pipeline] {
[Pipeline] }
[Pipeline] {
[Pipeline] }
[Pipeline] {
[Pipeline] }
[Pipeline] {
[Pipeline] }
[Pipeline] {
[Pipeline] }
[Pipeline] {
[Pipeline] }
[Pipeline] {
[Pipeline] }
[Pipeline] {
[Pipeline] }
[Pipeline] {
[Pipeline] }
[Pipeline] {
[Pipeline] }
[Pipeline] {
[Pipeline] }
[Pipeline] {
[Pipeline] }
[Pipeline] {
[Pipeline] }
[Pipeline] {
[Pipeline] }
[Pipeline] {
[Pipeline] }
[Pipeline] {
[Pipeline] }
[Pipeline] {
[Pipeline] }
[Pipeline] {
[Pipeline] }
[Pipeline] {
[Pipeline] }
[Pipeline] {
[Pipeline] }
[Pipeline] {
[Pipeline] }
[Pipeline] {
[Pipeline] }
[Pipeline] {
[Pipeline] }
[Pipeline] {
[Pipeline] }
[Pipeline] {
[Pipeline] }
[Pipeline] {
[Pipeline] }
[Pipeline] {
[Pipeline] }
[Pipeline] {
[Pipeline] }
[Pipeline] {
[Pipeline] }
[Pipeline] {
[Pipeline] }
[Pipeline] {
[Pipeline] }
[Pipeline] {
[Pipeline] }
[Pipeline] {
[Pipeline] }
[Pipeline] {
[Pipeline] }
[Pipeline] {
[Pipeline] }
[Pipeline] {
[Pipeline] }
[Pipeline] {
[Pipeline] }
[Pipeline] {
[Pipeline] }
[Pipeline] {
[Pipeline] }
[Pipeline] {
[Pipeline] }
[Pipeline] {
[Pipeline] }
[Pipeline] {
[Pipeline] }
[Pipeline] {
[Pipeline] }
[Pipeline] {
[Pipeline] }
[Pipeline] {
[Pipeline] }
[Pipeline] {
[Pipeline] }
[Pipeline] {
[Pipeline] }
[Pipeline] {
[Pipeline] }
[Pipeline] {
[Pipeline] }
[Pipeline] {
[Pipeline] }
[Pipeline] {
[Pipeline] }
[Pipeline] {
[Pipeline] }
[Pipeline] {
[Pipeline] }
[Pipeline] {
[Pipeline] }
[Pipeline] {
[Pipeline] }
[Pipeline] {
[Pipeline] }
[Pipeline] {
[Pipeline] }
[Pipeline] {
[Pipeline] }
[Pipeline] {
[Pipeline] }
[Pipeline] {
[Pipeline] }
[Pipeline] {
[Pipeline] }
[Pipeline] {
[Pipeline] }
[Pipeline] {
[Pipeline] }
[Pipeline] {
[Pipeline] }
[Pipeline] {
[Pipeline] }
[Pipeline] {
[Pipeline] }
[Pipeline] {
[Pipeline] }
[Pipeline] {
[Pipeline] }
[Pipeline] {
[Pipeline] }
[Pipeline] {
[Pipeline] }
[Pipeline] {
[Pipeline] }
[Pipeline] {
[Pipeline] }
[Pipeline] {
[Pipeline] }
[Pipeline] {
[Pipeline] }
[Pipeline] {
[Pipeline] }
[Pipeline] {
[Pipeline] }
[Pipeline] {
[Pipeline] }
[Pipeline] {
[Pipeline] }
[Pipeline] {
[Pipeline] }
[Pipeline] {
[Pipeline] }
[Pipeline] {
[Pipeline] }
[Pipeline] {
[Pipeline] }
[Pipeline] {
[Pipeline] }
[Pipeline] {
[Pipeline] }
[Pipeline] {
[Pipeline] }
[Pipeline] {
[Pipeline] }
[Pipeline] {
[Pipeline] }
[Pipeline] {
[Pipeline] }
[Pipeline] {
[Pipeline] }
[Pipeline] {
[Pipeline] }
[Pipeline] {
[Pipeline] }
[Pipeline] {
[Pipeline] }
[Pipeline] {
[Pipeline] }
[Pipeline] {
[Pipeline] }
[Pipeline] {
[Pipeline] }
[Pipeline] {
[Pipeline] }
[Pipeline] {
[Pipeline] }
[Pipeline] {
[Pipeline] }
[Pipeline] {
[Pipeline] }
[Pipeline] {
[Pipeline] }
[Pipeline] {
[Pipeline] }
[Pipeline] {
[Pipeline] }
[Pipeline] {
[Pipeline] }
[Pipeline] {
[Pipeline] }
[Pipeline] {
[Pipeline] }
[Pipeline] {
[Pipeline] }
[Pipeline] {
[Pipeline] }
[Pipeline] {
[Pipeline] }
[Pipeline] {
[Pipeline] }
[Pipeline] {
[Pipeline] }
[Pipeline] {
[Pipeline] }
[Pipeline] {
[Pipeline] }
[Pipeline] {
[Pipeline] }
[Pipeline] {
[Pipeline] }
[Pipeline] {
[Pipeline] }
[Pipeline] {
[Pipeline] }
[Pipeline] {
[Pipeline] }
[Pipeline] {
[Pipeline] }
[Pipeline] {
[Pipeline] }
[Pipeline] {
[Pipeline] }
[Pipeline] {
[Pipeline] }
[Pipeline] {
[Pipeline] }
[Pipeline] {
[Pipeline] }
[Pipeline] {
[Pipeline] }
[Pipeline] {
[Pipeline] }
[Pipeline] {
[Pipeline] }
[Pipeline] {
[Pipeline] }
[Pipeline] {
[Pipeline] }
[Pipeline] {
[Pipeline] }
[Pipeline] {
[Pipeline] }
[Pipeline] {
[Pipeline] }
[Pipeline] {
[Pipeline] }
[Pipeline] {
[Pipeline] }
[Pipeline] {
[Pipeline] }
[Pipeline] {
[Pipeline] }
[Pipeline] {
[Pipeline] ansiColor
[Pipeline] {

[Pipeline] echo
[26-09-17 02:11] [34mINFO: Bucket BI Data Service current status: RUNNING (12 minutes, 1.438 seconds)[0m
[Pipeline] }

[Pipeline] // ansiColor
[Pipeline] {
[Pipeline] echo
Triggered job url (BI Data Service): https://dataconn-jenkins.swg-devops.com/job/Development/job/devops-ivt/job/wkc-bi-data-service/job/wkc-bi-data-service-cx/7590/
[Pipeline] }
[Pipeline] }
[Pipeline] {
[Pipeline] ansiColor
[Pipeline] {

[Pipeline] echo
[26-09-17 02:11] [34mINFO: Bucket Metadata Import current status: RUNNING (12 minutes, 2.647 seconds)[0m
[Pipeline] }

[Pipeline] // ansiColor
[Pipeline] echo
Triggered job url (Metadata Import): https://hyc-siq-jenkins.swg-devops.com/job/MDI/job/MDI%20Test/job/MDI_API_Regression_CPD/629/
[Pipeline] }
[Pipeline] {
[Pipeline] ansiColor
[Pipeline] {

[Pipeline] echo
[26-09-17 02:11] [34mINFO: Bucket DQ Rules current status: RUNNING (12 minutes, 12.008 seconds)[0m
[Pipeline] }

[Pipeline] // ansiColor
[Pipeline] {
[Pipeline] echo
Triggered job url (DQ Rules): http://iaqajenkinsserver11.fyre.ibm.com:8080/job/Regression/job/DataQuality/job/DataRules/job/DQRule_CXRegression/1051/
[Pipeline] }
[Pipeline] ansiColor
[Pipeline] {

[Pipeline] echo
[26-09-17 02:11] [34mINFO: Bucket MDE current status: RUNNING (12 minutes, 13.504 seconds)[0m
[Pipeline] }

[Pipeline] // ansiColor
[Pipeline] {
[Pipeline] echo
Triggered job url (MDE): http://iaqajenkinsserver11.fyre.ibm.com:8080/job/Regression/job/MDE_KeyAnalysis/job/MDE_APIAutomation/job/MDE_FVTBucket_CP4D/1007/
[Pipeline] }
[Pipeline] }
[Pipeline] {
[Pipeline] }
[Pipeline] {
[Pipeline] }
[Pipeline] {
[Pipeline] }
[Pipeline] {
[Pipeline] }
[Pipeline] {
[Pipeline] }
[Pipeline] {
[Pipeline] ansiColor
[Pipeline] {

[Pipeline] {
[Pipeline] echo
[26-09-17 02:11] [34mINFO: Bucket DPS current status: RUNNING (12 minutes, 4.387 seconds)[0m
[Pipeline] }

[Pipeline] }
[Pipeline] // ansiColor
[Pipeline] echo
Triggered job url (DPS): https://dataconn-jenkins.swg-devops.com/job/Development/job/dps_ts/job/DPS_TestsRun/3035/
[Pipeline] }
[Pipeline] {
[Pipeline] }
[Pipeline] {
[Pipeline] }
[Pipeline] {
[Pipeline] }
[Pipeline] {
[Pipeline] }
[Pipeline] {
[Pipeline] }
[Pipeline] {
[Pipeline] }
[Pipeline] {
[Pipeline] }
[Pipeline] {
[Pipeline] }
[Pipeline] {
[Pipeline] }
[Pipeline] {
[Pipeline] }
[Pipeline] // waitUntil
[Pipeline] }
[Pipeline] // timeout
[Pipeline] }
[Pipeline] // withCredentials
[Pipeline] }
[Pipeline] // catchError
[Pipeline] load
[Pipeline] { (bucket/bucket_post.groovy)
[Pipeline] }
[Pipeline] // load
[Pipeline] ansiColor
[Pipeline] {

[Pipeline] echo
[26-09-17 02:12] [34mINFO: DPS post starting[0m
[Pipeline] }

[Pipeline] // ansiColor
[Pipeline] {
[Pipeline] catchError
[Pipeline] {
[Pipeline] }
[Pipeline] load
[Pipeline] { (dashboard/bucket.groovy)
[Pipeline] }
[Pipeline] // load
[Pipeline] {
[Pipeline] load
[Pipeline] { (dashboard/pipeline.groovy)
[Pipeline] }
[Pipeline] }
[Pipeline] {
[Pipeline] // load
[Pipeline] }
[Pipeline] catchError
[Pipeline] {
[Pipeline] withCredentials
Masking supported pattern matches of $API_TOKEN
[Pipeline] {
[Pipeline] {
[Pipeline] }
[Pipeline] sh
Warning: A secret was passed to "sh" using Groovy String interpolation, which is insecure.
		 Affected argument(s) used the following variable(s): [API_TOKEN]
		 See https://jenkins.io/redirect/groovy-string-interpolation for details.
[Pipeline] readJSON
[Pipeline] readJSON
[Pipeline] sh
Warning: A secret was passed to "sh" using Groovy String interpolation, which is insecure.
		 Affected argument(s) used the following variable(s): [API_TOKEN]
		 See https://jenkins.io/redirect/groovy-string-interpolation for details.
[Pipeline] readJSON
[Pipeline] sh
[Pipeline] readJSON
[Pipeline] ansiColor
[Pipeline] {

[Pipeline] echo
[26-09-17 02:12] [34mINFO: Updated Dashboard Bucket 323030[0m
[Pipeline] }

[Pipeline] // ansiColor
[Pipeline] }
[Pipeline] // withCredentials
[Pipeline] }
[Pipeline] // catchError
[Pipeline] {
[Pipeline] ansiColor
[Pipeline] {

[Pipeline] }
[Pipeline] echo
[26-09-17 02:13] [31mFAIL: DPS bucket failed[0m
[Pipeline] }

[Pipeline] // ansiColor
[Pipeline] load
[Pipeline] { (robobug/robobug.groovy)
[Pipeline] {
[Pipeline] }
[Pipeline] }
[Pipeline] // load
[Pipeline] load
[Pipeline] { (robobug/diagnostics.groovy)
[Pipeline] {
[Pipeline] }
[Pipeline] }
[Pipeline] // load
[Pipeline] sh
[Pipeline] {
[Pipeline] load
[Pipeline] { (robobug/diagnostics.groovy)
[Pipeline] }
[Pipeline] }
[Pipeline] // load
[Pipeline] load
[Pipeline] { (util/job_local_retry.groovy)
[Pipeline] }
[Pipeline] // load
[Pipeline] ansiColor
[Pipeline] {

[Pipeline] echo
[26-09-17 02:13] [34mINFO: Building local job OpenDiagnosticIssue, try #1[0m
[Pipeline] }

[Pipeline] // ansiColor
[Pipeline] build
Scheduling project: OpenDiagnosticIssue
[Pipeline] {
[Pipeline] }
[Pipeline] {
Starting building: OpenDiagnosticIssue #11406
[Pipeline] }
[Pipeline] {
[Pipeline] }
[Pipeline] {
[Pipeline] }
[Pipeline] {
[Pipeline] }
[Pipeline] {
[Pipeline] }
[Pipeline] {
[Pipeline] }
[Pipeline] {
[Pipeline] }
Build OpenDiagnosticIssue Ironwood-11406 completed: FAILURE
Did you forget the `def` keyword? Script179 seems to be setting a field named diagonstics_issue (to a value of type RunWrapper) which could lead to memory leaks or other issues.
[Pipeline] echo
Creating github diagnostic issue failed
[Pipeline] emailext
Sending email to: christy.hammill@ibm.com rddesai@us.ibm.com
[Pipeline] withCredentials
Masking supported pattern matches of $API_TOKEN
[Pipeline] {
[Pipeline] load
[Pipeline] { (robobug/create_issue.groovy)
[Pipeline] }
[Pipeline] // load
[Pipeline] load
[Pipeline] { (util/job_local_retry.groovy)
[Pipeline] }
[Pipeline] // load
[Pipeline] {
[Pipeline] }
[Pipeline] ansiColor
[Pipeline] {

[Pipeline] echo
[26-09-17 02:13] [34mINFO: Building local job OpenIssue, try #1[0m
[Pipeline] }

[Pipeline] // ansiColor
[Pipeline] {
[Pipeline] build
Warning: A secret was passed to "build" using Groovy String interpolation, which is insecure.
		 Affected argument(s) used the following variable(s): [API_TOKEN]
		 See https://jenkins.io/redirect/groovy-string-interpolation for details.
Scheduling project: OpenIssue
The parameter 'JenkinsToken' did not have the type expected by OpenIssue. Converting to Password Parameter.
[Pipeline] }
[Pipeline] {
[Pipeline] }
[Pipeline] {
[Pipeline] }
Starting building: OpenIssue #65076
[Pipeline] {
[Pipeline] }
[Pipeline] {
[Pipeline] }
[Pipeline] {
[Pipeline] }
[Pipeline] {
[Pipeline] }
[Pipeline] {
[Pipeline] }
[Pipeline] {
[Pipeline] }
[Pipeline] {
[Pipeline] }
[Pipeline] {
[Pipeline] }
[Pipeline] {
[Pipeline] }
[Pipeline] {
[Pipeline] }
[Pipeline] {
[Pipeline] }
[Pipeline] {
[Pipeline] }
[Pipeline] {
[Pipeline] }
[Pipeline] {
[Pipeline] }
[Pipeline] {
[Pipeline] }
[Pipeline] {
[Pipeline] }
[Pipeline] {
[Pipeline] }
[Pipeline] {
[Pipeline] }
[Pipeline] {
[Pipeline] }
[Pipeline] {
[Pipeline] }
[Pipeline] {
[Pipeline] }
[Pipeline] {
[Pipeline] }
[Pipeline] {
[Pipeline] }
[Pipeline] {
[Pipeline] }
[Pipeline] {
[Pipeline] }
[Pipeline] {
[Pipeline] }
[Pipeline] {
[Pipeline] }
[Pipeline] {
[Pipeline] }
[Pipeline] {
[Pipeline] }
[Pipeline] {
[Pipeline] }
[Pipeline] {
[Pipeline] }
[Pipeline] {
[Pipeline] }
Build OpenIssue DPS-Ironwood-65076 completed: SUCCESS
Did you forget the `def` keyword? Script181 seems to be setting a field named gh_issue (to a value of type RunWrapper) which could lead to memory leaks or other issues.
Did you forget the `def` keyword? Script181 seems to be setting a field named buildResultIssue (to a value of type String) which could lead to memory leaks or other issues.
[Pipeline] echo
issue build result: SUCCESS
[Pipeline] copyArtifacts
[Pipeline] {
[Pipeline] }
[Pipeline] {
[Pipeline] }
[Pipeline] {
[Pipeline] }
[Pipeline] {
[Pipeline] }
[Pipeline] {
[Pipeline] }
[Pipeline] {
[Pipeline] }
[Pipeline] {
[Pipeline] }
[Pipeline] {
[Pipeline] }
[Pipeline] {
[Pipeline] }
[Pipeline] {
[Pipeline] }
[Pipeline] {
[Pipeline] }
[Pipeline] {
[Pipeline] }
[Pipeline] {
[Pipeline] }
[Pipeline] {
[Pipeline] }
Due to the Copy artifact compatibility mode, set as migration, the build can reach the project OpenIssue.
 But in Production mode, this will not be the case anymore.
 Please consider adding the CopyArtifactPermission on the project you want to copy.
Copied 1 artifact from "OpenIssue" build number 65076
[Pipeline] {
[Pipeline] readProperties
[Pipeline] }
[Pipeline] echo
updating bucket
[Pipeline] load
[Pipeline] { (dashboard/bucket.groovy)
[Pipeline] {
[Pipeline] }
[Pipeline] }
[Pipeline] // load
[Pipeline] load
[Pipeline] { (dashboard/pipeline.groovy)
[Pipeline] }
[Pipeline] // load
[Pipeline] catchError
[Pipeline] {
[Pipeline] ansiColor
[Pipeline] {

[Pipeline] echo
[26-09-17 02:17] [34mINFO: Adding issue [5.4.0/Patch 8/WKC] DPS Bucket failed [Regression API Tests] https://github.ibm.com/wdp-gov/tracker/issues/378411 to Bucket Run[0m
[Pipeline] }

[Pipeline] // ansiColor
[Pipeline] sh
[Pipeline] {
[Pipeline] }
[Pipeline] {
[Pipeline] }
[Pipeline] {
[Pipeline] }
[Pipeline] {
[Pipeline] }
[Pipeline] {
[Pipeline] }
[Pipeline] {
[Pipeline] }
[Pipeline] {
[Pipeline] }
[Pipeline] {
[Pipeline] }
[Pipeline] {
[Pipeline] }
[Pipeline] {
[Pipeline] }
[Pipeline] {
[Pipeline] }
[Pipeline] {
[Pipeline] }
[Pipeline] {
[Pipeline] }
[Pipeline] {
[Pipeline] }
[Pipeline] {
[Pipeline] }
[Pipeline] {
[Pipeline] }
[Pipeline] {
[Pipeline] }
[Pipeline] {
[Pipeline] }
[Pipeline] {
[Pipeline] }
[Pipeline] {
[Pipeline] }
[Pipeline] {
[Pipeline] }
[Pipeline] {
[Pipeline] }
[Pipeline] {
[Pipeline] }
[Pipeline] {
[Pipeline] }
[Pipeline] {
[Pipeline] }
[Pipeline] {
[Pipeline] }
[Pipeline] {
[Pipeline] }
[Pipeline] {
[Pipeline] }
[Pipeline] {
[Pipeline] }
[Pipeline] {
[Pipeline] }
[Pipeline] {
[Pipeline] }
[Pipeline] {
[Pipeline] }
[Pipeline] {
[Pipeline] }
[Pipeline] {
[Pipeline] }
[Pipeline] {
[Pipeline] }
[Pipeline] {
[Pipeline] }
[Pipeline] {
[Pipeline] }
[Pipeline] {
[Pipeline] }
[Pipeline] {
[Pipeline] }
[Pipeline] {
[Pipeline] }
[Pipeline] {
[Pipeline] }
[Pipeline] {
[Pipeline] }
[Pipeline] {
[Pipeline] }
[Pipeline] {
[Pipeline] }
[Pipeline] {
[Pipeline] }
[Pipeline] {
[Pipeline] }
[Pipeline] {
[Pipeline] }
[Pipeline] {
[Pipeline] }
[Pipeline] {
[Pipeline] }
[Pipeline] {
[Pipeline] }
[Pipeline] {
[Pipeline] }
[Pipeline] {
[Pipeline] }
[Pipeline] {
[Pipeline] }
[Pipeline] {
[Pipeline] }
[Pipeline] {
[Pipeline] }
[Pipeline] {
[Pipeline] }
[Pipeline] {
[Pipeline] }
[Pipeline] {
[Pipeline] ansiColor
[Pipeline] {

[Pipeline] echo
[26-09-17 02:21] [34mINFO: Bucket MDE current status: RUNNING (22 minutes, 0.970 seconds)[0m
[Pipeline] }

[Pipeline] {
[Pipeline] // ansiColor
[Pipeline] echo
Triggered job url (MDE): http://iaqajenkinsserver11.fyre.ibm.com:8080/job/Regression/job/MDE_KeyAnalysis/job/MDE_APIAutomation/job/MDE_FVTBucket_CP4D/1007/
[Pipeline] }
[Pipeline] ansiColor
[Pipeline] {

[Pipeline] {
[Pipeline] echo
[26-09-17 02:21] [34mINFO: Bucket BI Data Service current status: RUNNING (22 minutes, 6.543 seconds)[0m
[Pipeline] }

[Pipeline] ansiColor
[Pipeline] {

[Pipeline] // ansiColor
[Pipeline] echo
Triggered job url (BI Data Service): https://dataconn-jenkins.swg-devops.com/job/Development/job/devops-ivt/job/wkc-bi-data-service/job/wkc-bi-data-service-cx/7590/
[Pipeline] }
[Pipeline] echo
[26-09-17 02:21] [34mINFO: Bucket Metadata Import current status: RUNNING (22 minutes, 5.672 seconds)[0m
[Pipeline] }

[Pipeline] // ansiColor
[Pipeline] echo
Triggered job url (Metadata Import): https://hyc-siq-jenkins.swg-devops.com/job/MDI/job/MDI%20Test/job/MDI_API_Regression_CPD/629/
[Pipeline] }
[Pipeline] {
[Pipeline] ansiColor
[Pipeline] {

[Pipeline] echo
[26-09-17 02:21] [34mINFO: Bucket DQ Rules current status: RUNNING (22 minutes, 14.170 seconds)[0m
[Pipeline] }

[Pipeline] // ansiColor
[Pipeline] echo
Triggered job url (DQ Rules): http://iaqajenkinsserver11.fyre.ibm.com:8080/job/Regression/job/DataQuality/job/DataRules/job/DQRule_CXRegression/1051/
[Pipeline] }
[Pipeline] {
[Pipeline] }
[Pipeline] {
[Pipeline] }
[Pipeline] {
[Pipeline] }
[Pipeline] {
[Pipeline] }
[Pipeline] {
[Pipeline] }
[Pipeline] }
Also:   org.jenkinsci.plugins.workflow.actions.ErrorAction$ErrorId: f4fcda01-5470-424d-9622-a7ed1daa8c3a
java.lang.NumberFormatException: For input string: "<html lang="en">"
	at java.base/java.lang.NumberFormatException.forInputString(NumberFormatException.java:67)
	at java.base/java.lang.Integer.parseInt(Integer.java:662)
	at java.base/java.lang.Integer.parseInt(Integer.java:778)
	at java_lang_Integer$parseInt$394.callStatic(Unknown Source)
	at org.codehaus.groovy.runtime.callsite.CallSiteArray.defaultCallStatic(CallSiteArray.java:55)
	at org.codehaus.groovy.runtime.callsite.AbstractCallSite.callStatic(AbstractCallSite.java:197)
	at PluginClassLoader for script-security//org.kohsuke.groovy.sandbox.impl.Checker$2.call(Checker.java:216)
	at PluginClassLoader for script-security//org.kohsuke.groovy.sandbox.GroovyInterceptor.onStaticCall(GroovyInterceptor.java:35)
	at PluginClassLoader for script-security//org.jenkinsci.plugins.scriptsecurity.sandbox.groovy.SandboxInterceptor.onStaticCall(SandboxInterceptor.java:210)
	at PluginClassLoader for script-security//org.kohsuke.groovy.sandbox.impl.Checker$2.call(Checker.java:214)
	at PluginClassLoader for script-security//org.kohsuke.groovy.sandbox.impl.Checker.checkedStaticCall(Checker.java:218)
	at PluginClassLoader for script-security//org.kohsuke.groovy.sandbox.impl.Checker.checkedCall(Checker.java:120)
	at PluginClassLoader for workflow-cps//com.cloudbees.groovy.cps.sandbox.SandboxInvoker.methodCall(SandboxInvoker.java:17)
	at PluginClassLoader for workflow-cps//org.jenkinsci.plugins.workflow.cps.LoggingInvoker.methodCall(LoggingInvoker.java:120)
	at Script183.update_bucket_issue(Script183.groovy:66)
	at ___cps.transform___(Native Method)
	at PluginClassLoader for workflow-cps//com.cloudbees.groovy.cps.impl.ContinuationGroup.methodCall(ContinuationGroup.java:107)
	at PluginClassLoader for workflow-cps//com.cloudbees.groovy.cps.impl.FunctionCallBlock$ContinuationImpl.dispatchOrArg(FunctionCallBlock.java:118)
	at PluginClassLoader for workflow-cps//com.cloudbees.groovy.cps.impl.FunctionCallBlock$ContinuationImpl.fixArg(FunctionCallBlock.java:87)
	at java.base/jdk.internal.reflect.DirectMethodHandleAccessor.invoke(DirectMethodHandleAccessor.java:103)
	at java.base/java.lang.reflect.Method.invoke(Method.java:580)
	at PluginClassLoader for workflow-cps//com.cloudbees.groovy.cps.impl.ContinuationPtr$ContinuationImpl.receive(ContinuationPtr.java:71)
	at PluginClassLoader for workflow-cps//com.cloudbees.groovy.cps.impl.LocalVariableBlock$LocalVariable.get(LocalVariableBlock.java:39)
	at PluginClassLoader for workflow-cps//com.cloudbees.groovy.cps.LValueBlock$GetAdapter.receive(LValueBlock.java:30)
	at PluginClassLoader for workflow-cps//com.cloudbees.groovy.cps.impl.LocalVariableBlock.evalLValue(LocalVariableBlock.java:28)
	at PluginClassLoader for workflow-cps//com.cloudbees.groovy.cps.LValueBlock$BlockImpl.eval(LValueBlock.java:54)
	at PluginClassLoader for workflow-cps//com.cloudbees.groovy.cps.LValueBlock.eval(LValueBlock.java:16)
	at PluginClassLoader for workflow-cps//com.cloudbees.groovy.cps.Next.step(Next.java:84)
	at PluginClassLoader for workflow-cps//com.cloudbees.groovy.cps.Continuable.run0(Continuable.java:142)
	at PluginClassLoader for workflow-cps//org.jenkinsci.plugins.workflow.cps.SandboxContinuable.access$001(SandboxContinuable.java:17)
	at PluginClassLoader for workflow-cps//org.jenkinsci.plugins.workflow.cps.SandboxContinuable.run0(SandboxContinuable.java:48)
	at PluginClassLoader for workflow-cps//org.jenkinsci.plugins.workflow.cps.CpsThread.runNextChunk(CpsThread.java:188)
	at PluginClassLoader for workflow-cps//org.jenkinsci.plugins.workflow.cps.CpsThreadGroup.run(CpsThreadGroup.java:464)
	at PluginClassLoader for workflow-cps//org.jenkinsci.plugins.workflow.cps.CpsThreadGroup$2.call(CpsThreadGroup.java:372)
	at PluginClassLoader for workflow-cps//org.jenkinsci.plugins.workflow.cps.CpsThreadGroup$2.call(CpsThreadGroup.java:302)
	at PluginClassLoader for workflow-cps//org.jenkinsci.plugins.workflow.cps.CpsVmExecutorService.lambda$wrap$4(CpsVmExecutorService.java:143)
	at java.base/java.util.concurrent.FutureTask.run(FutureTask.java:317)
	at hudson.remoting.SingleLaneExecutorService$1.run(SingleLaneExecutorService.java:139)
	at jenkins.util.ContextResettingExecutorService.lambda$wrap$0(ContextResettingExecutorService.java:26)
	at jenkins.security.ImpersonatingExecutorService.lambda$wrap$0(ImpersonatingExecutorService.java:66)
	at jenkins.util.ErrorLoggingExecutorService.lambda$wrap$0(ErrorLoggingExecutorService.java:51)
	at java.base/java.util.concurrent.Executors$RunnableAdapter.call(Executors.java:572)
	at java.base/java.util.concurrent.FutureTask.run(FutureTask.java:317)
	at java.base/java.util.concurrent.ThreadPoolExecutor.runWorker(ThreadPoolExecutor.java:1144)
	at java.base/java.util.concurrent.ThreadPoolExecutor$Worker.run(ThreadPoolExecutor.java:642)
	at PluginClassLoader for workflow-cps//org.jenkinsci.plugins.workflow.cps.CpsVmExecutorService$1.call(CpsVmExecutorService.java:53)
	at PluginClassLoader for workflow-cps//org.jenkinsci.plugins.workflow.cps.CpsVmExecutorService$1.call(CpsVmExecutorService.java:50)
	at org.codehaus.groovy.runtime.GroovyCategorySupport$ThreadCategoryInfo.use(GroovyCategorySupport.java:136)
	at org.codehaus.groovy.runtime.GroovyCategorySupport.use(GroovyCategorySupport.java:275)
	at PluginClassLoader for workflow-cps//org.jenkinsci.plugins.workflow.cps.CpsVmExecutorService.lambda$categoryThreadFactory$0(CpsVmExecutorService.java:50)
	at java.base/java.lang.Thread.run(Thread.java:1583)
[Pipeline] // catchError
[Pipeline] {
[Pipeline] }
[Pipeline] }
[Pipeline] // withCredentials
[Pipeline] error
[Pipeline] }
ERROR: DPS failed with result: UNSTABLE
Setting overall build result to FAILURE
[Pipeline] {
[Pipeline] // catchError
[Pipeline] }
[Pipeline] }
[Pipeline] // script
[Pipeline] }
[Pipeline] // stage
[Pipeline] }
[Pipeline] {
[Pipeline] }
[Pipeline] {
[Pipeline] }
[Pipeline] {
[Pipeline] }
[Pipeline] {
[Pipeline] }
[Pipeline] {
[Pipeline] }
[Pipeline] {
[Pipeline] }
[Pipeline] {
[Pipeline] }
[Pipeline] {
[Pipeline] }
[Pipeline] {
[Pipeline] }
[Pipeline] {
[Pipeline] }
[Pipeline] {
[Pipeline] }
[Pipeline] {
[Pipeline] }
[Pipeline] {
[Pipeline] }
[Pipeline] {
[Pipeline] }
[Pipeline] {
[Pipeline] }
[Pipeline] {
[Pipeline] }
[Pipeline] {
[Pipeline] }
[Pipeline] {
[Pipeline] }
[Pipeline] {
[Pipeline] }
[Pipeline] {
[Pipeline] }
[Pipeline] {
[Pipeline] }
[Pipeline] {
[Pipeline] }
[Pipeline] {
[Pipeline] }
[Pipeline] {
[Pipeline] }
[Pipeline] {
[Pipeline] }
[Pipeline] {
[Pipeline] }
[Pipeline] {
[Pipeline] }
[Pipeline] {
[Pipeline] }
[Pipeline] {
[Pipeline] }
[Pipeline] {
[Pipeline] }
[Pipeline] {
[Pipeline] }
[Pipeline] {
[Pipeline] }
[Pipeline] {
[Pipeline] }
[Pipeline] {
[Pipeline] }
[Pipeline] {
[Pipeline] }
[Pipeline] {
[Pipeline] }
[Pipeline] {
[Pipeline] }
[Pipeline] {
[Pipeline] }
[Pipeline] {
[Pipeline] }
[Pipeline] {
[Pipeline] }
[Pipeline] {
[Pipeline] }
[Pipeline] {
[Pipeline] }
[Pipeline] {
[Pipeline] }
[Pipeline] {
[Pipeline] }
[Pipeline] {
[Pipeline] }
[Pipeline] {
[Pipeline] }
[Pipeline] {
[Pipeline] }
[Pipeline] {
[Pipeline] }
[Pipeline] {
[Pipeline] }
[Pipeline] {
[Pipeline] }
[Pipeline] {
[Pipeline] }
[Pipeline] {
[Pipeline] }
[Pipeline] {
[Pipeline] }
[Pipeline] {
[Pipeline] }
[Pipeline] {
[Pipeline] }
[Pipeline] {
[Pipeline] }
[Pipeline] {
[Pipeline] }
[Pipeline] {
[Pipeline] }
[Pipeline] {
[Pipeline] }
[Pipeline] {
[Pipeline] }
[Pipeline] {
[Pipeline] }
[Pipeline] {
[Pipeline] }
[Pipeline] {
[Pipeline] }
[Pipeline] {
[Pipeline] }
[Pipeline] {
[Pipeline] }
[Pipeline] {
[Pipeline] }
[Pipeline] {
[Pipeline] }
[Pipeline] {
[Pipeline] }
[Pipeline] {
[Pipeline] }
[Pipeline] {
[Pipeline] }
[Pipeline] {
[Pipeline] }
[Pipeline] {
[Pipeline] }
[Pipeline] {
[Pipeline] }
[Pipeline] {
[Pipeline] }
[Pipeline] {
[Pipeline] }
[Pipeline] {
[Pipeline] }
[Pipeline] {
[Pipeline] }
[Pipeline] {
[Pipeline] }
[Pipeline] {
[Pipeline] }
[Pipeline] {
[Pipeline] }
[Pipeline] {
[Pipeline] }
[Pipeline] {
[Pipeline] }
[Pipeline] {
[Pipeline] }
[Pipeline] {
[Pipeline] }
[Pipeline] {
[Pipeline] }
[Pipeline] {
[Pipeline] }
[Pipeline] {
[Pipeline] }
[Pipeline] {
[Pipeline] }
[Pipeline] {
[Pipeline] }
[Pipeline] {
[Pipeline] }
[Pipeline] {
[Pipeline] }
[Pipeline] {
[Pipeline] }
[Pipeline] {
[Pipeline] }
[Pipeline] {
[Pipeline] }
[Pipeline] {
[Pipeline] }
[Pipeline] {
[Pipeline] }
[Pipeline] {
[Pipeline] }
[Pipeline] {
[Pipeline] }
[Pipeline] {
[Pipeline] }
[Pipeline] {
[Pipeline] }
[Pipeline] {
[Pipeline] }
[Pipeline] {
[Pipeline] }
[Pipeline] {
[Pipeline] }
[Pipeline] {
[Pipeline] }
[Pipeline] {
[Pipeline] }
[Pipeline] {
[Pipeline] }
[Pipeline] {
[Pipeline] }
[Pipeline] {
[Pipeline] }
[Pipeline] {
[Pipeline] }
[Pipeline] {
[Pipeline] }
[Pipeline] {
[Pipeline] }
[Pipeline] {
[Pipeline] }
[Pipeline] // waitUntil
[Pipeline] }
[Pipeline] // timeout
[Pipeline] }
[Pipeline] // withCredentials
[Pipeline] }
[Pipeline] // catchError
[Pipeline] load
[Pipeline] { (bucket/bucket_post.groovy)
[Pipeline] }
[Pipeline] // load
[Pipeline] ansiColor
[Pipeline] {

[Pipeline] echo
[26-09-17 02:29] [34mINFO: Metadata Import post starting[0m
[Pipeline] }

[Pipeline] // ansiColor
[Pipeline] catchError
[Pipeline] {
[Pipeline] load
[Pipeline] { (dashboard/bucket.groovy)
[Pipeline] {
[Pipeline] }
[Pipeline] }
[Pipeline] // load
[Pipeline] load
[Pipeline] { (dashboard/pipeline.groovy)
[Pipeline] }
[Pipeline] // load
[Pipeline] {
[Pipeline] catchError
[Pipeline] {
[Pipeline] }
[Pipeline] withCredentials
Masking supported pattern matches of $API_TOKEN
[Pipeline] {
[Pipeline] {
[Pipeline] }
[Pipeline] sh
Warning: A secret was passed to "sh" using Groovy String interpolation, which is insecure.
		 Affected argument(s) used the following variable(s): [API_TOKEN]
		 See https://jenkins.io/redirect/groovy-string-interpolation for details.
[Pipeline] readJSON
[Pipeline] readJSON
[Pipeline] sh
Warning: A secret was passed to "sh" using Groovy String interpolation, which is insecure.
		 Affected argument(s) used the following variable(s): [API_TOKEN]
		 See https://jenkins.io/redirect/groovy-string-interpolation for details.
[Pipeline] readJSON
[Pipeline] sh
[Pipeline] readJSON
[Pipeline] ansiColor
[Pipeline] {

[Pipeline] echo
[26-09-17 02:30] [34mINFO: Updated Dashboard Bucket 323028[0m
[Pipeline] }

[Pipeline] // ansiColor
[Pipeline] }
[Pipeline] // withCredentials
[Pipeline] }
[Pipeline] // catchError
[Pipeline] load
[Pipeline] { (robobug/robobug.groovy)
[Pipeline] }
[Pipeline] // load
[Pipeline] {
[Pipeline] load
[Pipeline] { (robobug/close_issue.groovy)
[Pipeline] }
[Pipeline] }
[Pipeline] // load
[Pipeline] build
Scheduling project: CloseGithubIssue
[Pipeline] ansiColor
[Pipeline] {

[Pipeline] {
[Pipeline] echo
[26-09-17 02:30] [32mPASS: Metadata Import bucket passed[0m
[Pipeline] }

[Pipeline] }
[Pipeline] // ansiColor
[Pipeline] catchError
[Pipeline] {
[Pipeline] {
[Pipeline] }
[Pipeline] ansiColor
[Pipeline] {

[Pipeline] echo
[26-09-17 02:30] [34mINFO: Entering the JunitTestRail integration block.[0m
[Pipeline] }

[Pipeline] // ansiColor
[Pipeline] withCredentials
Masking supported pattern matches of $JENKINS_API_TOKEN or $USERNAME or $TESTRAIL_API_TOKEN
[Pipeline] {
[Pipeline] error
[Pipeline] }
[Pipeline] // withCredentials
[Pipeline] }
ERROR: No project name was found, quit further processing.
[Pipeline] // catchError
[Pipeline] }
[Pipeline] // catchError
[Pipeline] }
[Pipeline] // script
[Pipeline] }
[Pipeline] // stage
[Pipeline] }
[Pipeline] {
[Pipeline] }
[Pipeline] {
[Pipeline] }
[Pipeline] {
[Pipeline] }
[Pipeline] {
[Pipeline] }
[Pipeline] {
[Pipeline] }
[Pipeline] {
[Pipeline] }
[Pipeline] {
[Pipeline] }
[Pipeline] {
[Pipeline] }
[Pipeline] {
[Pipeline] }
[Pipeline] {
[Pipeline] ansiColor
[Pipeline] {

[Pipeline] echo
[26-09-17 02:31] [34mINFO: Bucket DQ Rules current status: RUNNING (32 minutes, 4.782 seconds)[0m
[Pipeline] }

[Pipeline] // ansiColor
[Pipeline] echo
Triggered job url (DQ Rules): http://iaqajenkinsserver11.fyre.ibm.com:8080/job/Regression/job/DataQuality/job/DataRules/job/DQRule_CXRegression/1051/
[Pipeline] }
[Pipeline] {
[Pipeline] ansiColor
[Pipeline] {

[Pipeline] echo
[26-09-17 02:31] [34mINFO: Bucket MDE current status: RUNNING (32 minutes, 8.243 seconds)[0m
[Pipeline] }

[Pipeline] // ansiColor
[Pipeline] {
[Pipeline] echo
Triggered job url (MDE): http://iaqajenkinsserver11.fyre.ibm.com:8080/job/Regression/job/MDE_KeyAnalysis/job/MDE_APIAutomation/job/MDE_FVTBucket_CP4D/1007/
[Pipeline] }
[Pipeline] ansiColor
[Pipeline] {

[Pipeline] echo
[26-09-17 02:31] [34mINFO: Bucket BI Data Service current status: RUNNING (32 minutes, 13.720 seconds)[0m
[Pipeline] }

[Pipeline] // ansiColor
[Pipeline] echo
Triggered job url (BI Data Service): https://dataconn-jenkins.swg-devops.com/job/Development/job/devops-ivt/job/wkc-bi-data-service/job/wkc-bi-data-service-cx/7590/
[Pipeline] }
[Pipeline] {
[Pipeline] }
[Pipeline] {
[Pipeline] }
[Pipeline] {
[Pipeline] }
[Pipeline] {
[Pipeline] }
[Pipeline] {
[Pipeline] }
[Pipeline] {
[Pipeline] }
[Pipeline] {
[Pipeline] }
[Pipeline] {
[Pipeline] }
[Pipeline] {
[Pipeline] }
[Pipeline] {
[Pipeline] }
[Pipeline] {
[Pipeline] }
[Pipeline] {
[Pipeline] }
[Pipeline] {
[Pipeline] }
[Pipeline] {
[Pipeline] }
[Pipeline] {
[Pipeline] }
[Pipeline] {
[Pipeline] }
[Pipeline] {
[Pipeline] }
[Pipeline] {
[Pipeline] }
[Pipeline] {
[Pipeline] }
[Pipeline] {
[Pipeline] }
[Pipeline] {
[Pipeline] }
[Pipeline] {
[Pipeline] }
[Pipeline] {
[Pipeline] }
[Pipeline] {
[Pipeline] }
[Pipeline] {
[Pipeline] }
[Pipeline] {
[Pipeline] }
[Pipeline] {
[Pipeline] }
[Pipeline] {
[Pipeline] }
[Pipeline] {
[Pipeline] }
[Pipeline] {
[Pipeline] }
[Pipeline] {
[Pipeline] }
[Pipeline] {
[Pipeline] }
[Pipeline] {
[Pipeline] }
[Pipeline] {
[Pipeline] }
[Pipeline] {
[Pipeline] }
[Pipeline] {
[Pipeline] }
[Pipeline] {
[Pipeline] }
[Pipeline] {
[Pipeline] }
[Pipeline] {
[Pipeline] }
[Pipeline] {
[Pipeline] }
[Pipeline] {
[Pipeline] }
[Pipeline] {
[Pipeline] }
[Pipeline] {
[Pipeline] }
[Pipeline] {
[Pipeline] }
[Pipeline] {
[Pipeline] }
[Pipeline] {
[Pipeline] }
[Pipeline] {
[Pipeline] }
[Pipeline] {
[Pipeline] }
[Pipeline] {
[Pipeline] }
[Pipeline] {
[Pipeline] }
[Pipeline] {
[Pipeline] }
[Pipeline] {
[Pipeline] }
[Pipeline] {
[Pipeline] }
[Pipeline] {
[Pipeline] }
[Pipeline] {
[Pipeline] }
[Pipeline] {
[Pipeline] }
[Pipeline] {
[Pipeline] }
[Pipeline] {
[Pipeline] }
[Pipeline] {
[Pipeline] }
[Pipeline] {
[Pipeline] }
[Pipeline] {
[Pipeline] }
[Pipeline] {
[Pipeline] }
[Pipeline] {
[Pipeline] }
[Pipeline] {
[Pipeline] }
[Pipeline] {
[Pipeline] }
[Pipeline] {
[Pipeline] }
[Pipeline] {
[Pipeline] }
[Pipeline] {
[Pipeline] }
[Pipeline] {
[Pipeline] }
[Pipeline] {
[Pipeline] }
[Pipeline] {
[Pipeline] }
[Pipeline] {
[Pipeline] }
[Pipeline] {
[Pipeline] }
[Pipeline] {
[Pipeline] }
[Pipeline] {
[Pipeline] }
[Pipeline] {
[Pipeline] }
[Pipeline] {
[Pipeline] }
[Pipeline] {
[Pipeline] }
[Pipeline] {
[Pipeline] }
[Pipeline] {
[Pipeline] }
[Pipeline] {
[Pipeline] }
[Pipeline] {
[Pipeline] }
[Pipeline] {
[Pipeline] }
[Pipeline] {
[Pipeline] }
[Pipeline] {
[Pipeline] }
[Pipeline] {
[Pipeline] }
[Pipeline] {
[Pipeline] }
[Pipeline] {
[Pipeline] }
[Pipeline] {
[Pipeline] }
[Pipeline] {
[Pipeline] }
[Pipeline] {
[Pipeline] }
[Pipeline] {
[Pipeline] }
[Pipeline] {
[Pipeline] }
[Pipeline] {
[Pipeline] }
[Pipeline] {
[Pipeline] }
[Pipeline] {
[Pipeline] }
[Pipeline] {
[Pipeline] }
[Pipeline] {
[Pipeline] }
[Pipeline] {
[Pipeline] }
[Pipeline] {
[Pipeline] }
[Pipeline] {
[Pipeline] }
[Pipeline] {
[Pipeline] }
[Pipeline] {
[Pipeline] }
[Pipeline] {
[Pipeline] }
[Pipeline] {
[Pipeline] ansiColor
[Pipeline] {

[Pipeline] echo
[26-09-17 02:41] [34mINFO: Bucket BI Data Service current status: RUNNING (42 minutes, 1.620 seconds)[0m
[Pipeline] }

[Pipeline] // ansiColor
[Pipeline] echo
Triggered job url (BI Data Service): https://dataconn-jenkins.swg-devops.com/job/Development/job/devops-ivt/job/wkc-bi-data-service/job/wkc-bi-data-service-cx/7590/
[Pipeline] }
[Pipeline] {
[Pipeline] ansiColor
[Pipeline] {

[Pipeline] echo
[26-09-17 02:41] [34mINFO: Bucket DQ Rules current status: RUNNING (42 minutes, 10.102 seconds)[0m
[Pipeline] }

[Pipeline] // ansiColor
[Pipeline] echo
Triggered job url (DQ Rules): http://iaqajenkinsserver11.fyre.ibm.com:8080/job/Regression/job/DataQuality/job/DataRules/job/DQRule_CXRegression/1051/
[Pipeline] }
[Pipeline] {
[Pipeline] ansiColor
[Pipeline] {

[Pipeline] echo
[26-09-17 02:41] [34mINFO: Bucket MDE current status: RUNNING (42 minutes, 13.136 seconds)[0m
[Pipeline] }

[Pipeline] // ansiColor
[Pipeline] echo
Triggered job url (MDE): http://iaqajenkinsserver11.fyre.ibm.com:8080/job/Regression/job/MDE_KeyAnalysis/job/MDE_APIAutomation/job/MDE_FVTBucket_CP4D/1007/
[Pipeline] }
[Pipeline] {
[Pipeline] }
[Pipeline] {
[Pipeline] }
[Pipeline] {
[Pipeline] }
[Pipeline] {
[Pipeline] }
[Pipeline] {
[Pipeline] }
[Pipeline] {
[Pipeline] }
[Pipeline] {
[Pipeline] }
[Pipeline] {
[Pipeline] }
[Pipeline] {
[Pipeline] }
[Pipeline] {
[Pipeline] }
[Pipeline] {
[Pipeline] }
[Pipeline] {
[Pipeline] }
[Pipeline] {
[Pipeline] }
[Pipeline] {
[Pipeline] }
[Pipeline] {
[Pipeline] }
[Pipeline] {
[Pipeline] }
[Pipeline] {
[Pipeline] }
[Pipeline] {
[Pipeline] }
[Pipeline] {
[Pipeline] }
[Pipeline] {
[Pipeline] }
[Pipeline] {
[Pipeline] }
[Pipeline] {
[Pipeline] }
[Pipeline] {
[Pipeline] }
[Pipeline] {
[Pipeline] }
[Pipeline] {
[Pipeline] }
[Pipeline] {
[Pipeline] }
[Pipeline] {
[Pipeline] }
[Pipeline] {
[Pipeline] }
[Pipeline] {
[Pipeline] }
[Pipeline] {
[Pipeline] }
[Pipeline] {
[Pipeline] }
[Pipeline] {
[Pipeline] }
[Pipeline] {
[Pipeline] }
[Pipeline] {
[Pipeline] }
[Pipeline] {
[Pipeline] }
[Pipeline] {
[Pipeline] }
[Pipeline] {
[Pipeline] }
[Pipeline] {
[Pipeline] }
[Pipeline] {
[Pipeline] }
[Pipeline] {
[Pipeline] }
[Pipeline] {
[Pipeline] }
[Pipeline] {
[Pipeline] }
[Pipeline] {
[Pipeline] }
[Pipeline] {
[Pipeline] }
[Pipeline] {
[Pipeline] }
[Pipeline] {
[Pipeline] }
[Pipeline] {
[Pipeline] }
[Pipeline] {
[Pipeline] }
[Pipeline] {
[Pipeline] }
[Pipeline] {
[Pipeline] }
[Pipeline] {
[Pipeline] }
[Pipeline] {
[Pipeline] }
[Pipeline] {
[Pipeline] }
[Pipeline] {
[Pipeline] }
[Pipeline] {
[Pipeline] }
[Pipeline] {
[Pipeline] }
[Pipeline] {
[Pipeline] }
[Pipeline] {
[Pipeline] }
[Pipeline] {
[Pipeline] }
[Pipeline] {
[Pipeline] }
[Pipeline] {
[Pipeline] }
[Pipeline] {
[Pipeline] }
[Pipeline] {
[Pipeline] }
[Pipeline] {
[Pipeline] }
[Pipeline] {
[Pipeline] }
[Pipeline] {
[Pipeline] }
[Pipeline] {
[Pipeline] }
[Pipeline] {
[Pipeline] }
[Pipeline] {
[Pipeline] }
[Pipeline] {
[Pipeline] }
[Pipeline] {
[Pipeline] }
[Pipeline] {
[Pipeline] }
[Pipeline] {
[Pipeline] }
[Pipeline] {
[Pipeline] }
[Pipeline] {
[Pipeline] }
[Pipeline] {
[Pipeline] }
[Pipeline] {
[Pipeline] }
[Pipeline] {
[Pipeline] }
[Pipeline] {
[Pipeline] }
[Pipeline] {
[Pipeline] }
[Pipeline] {
[Pipeline] }
[Pipeline] {
[Pipeline] }
[Pipeline] {
[Pipeline] }
[Pipeline] {
[Pipeline] }
[Pipeline] {
[Pipeline] }
[Pipeline] {
[Pipeline] }
[Pipeline] {
[Pipeline] }
[Pipeline] {
[Pipeline] }
[Pipeline] {
[Pipeline] }
[Pipeline] {
[Pipeline] }
[Pipeline] {
[Pipeline] }
[Pipeline] {
[Pipeline] }
[Pipeline] {
[Pipeline] }
[Pipeline] {
[Pipeline] }
[Pipeline] {
[Pipeline] }
[Pipeline] {
[Pipeline] }
[Pipeline] {
[Pipeline] }
[Pipeline] {
[Pipeline] }
[Pipeline] {
[Pipeline] }
[Pipeline] {
[Pipeline] }
[Pipeline] {
[Pipeline] }
[Pipeline] {
[Pipeline] }
[Pipeline] {
[Pipeline] }
[Pipeline] {
[Pipeline] }
[Pipeline] {
[Pipeline] ansiColor
[Pipeline] {

[Pipeline] echo
[26-09-17 02:51] [34mINFO: Bucket MDE current status: RUNNING (52 minutes, 4.220 seconds)[0m
[Pipeline] }

[Pipeline] // ansiColor
[Pipeline] echo
Triggered job url (MDE): http://iaqajenkinsserver11.fyre.ibm.com:8080/job/Regression/job/MDE_KeyAnalysis/job/MDE_APIAutomation/job/MDE_FVTBucket_CP4D/1007/
[Pipeline] }
[Pipeline] {
[Pipeline] ansiColor
[Pipeline] {

[Pipeline] echo
[26-09-17 02:51] [34mINFO: Bucket BI Data Service current status: RUNNING (52 minutes, 10.943 seconds)[0m
[Pipeline] }

[Pipeline] // ansiColor
[Pipeline] echo
Triggered job url (BI Data Service): https://dataconn-jenkins.swg-devops.com/job/Development/job/devops-ivt/job/wkc-bi-data-service/job/wkc-bi-data-service-cx/7590/
[Pipeline] }
[Pipeline] {
[Pipeline] ansiColor
[Pipeline] {

[Pipeline] echo
[26-09-17 02:51] [34mINFO: Bucket DQ Rules current status: RUNNING (52 minutes, 15.563 seconds)[0m
[Pipeline] }

[Pipeline] // ansiColor
[Pipeline] echo
Triggered job url (DQ Rules): http://iaqajenkinsserver11.fyre.ibm.com:8080/job/Regression/job/DataQuality/job/DataRules/job/DQRule_CXRegression/1051/
[Pipeline] }
[Pipeline] {
[Pipeline] }
[Pipeline] {
[Pipeline] }
[Pipeline] {
[Pipeline] }
[Pipeline] {
[Pipeline] }
[Pipeline] {
[Pipeline] }
[Pipeline] {
[Pipeline] }
[Pipeline] {
[Pipeline] }
[Pipeline] {
[Pipeline] }
[Pipeline] {
[Pipeline] }
[Pipeline] {
[Pipeline] }
[Pipeline] {
[Pipeline] }
[Pipeline] {
[Pipeline] }
[Pipeline] {
[Pipeline] }
[Pipeline] {
[Pipeline] }
[Pipeline] {
[Pipeline] }
[Pipeline] {
[Pipeline] }
[Pipeline] {
[Pipeline] }
[Pipeline] {
[Pipeline] }
[Pipeline] {
[Pipeline] }
[Pipeline] {
[Pipeline] }
[Pipeline] {
[Pipeline] }
[Pipeline] {
[Pipeline] }
[Pipeline] {
[Pipeline] }
[Pipeline] {
[Pipeline] }
[Pipeline] {
[Pipeline] }
[Pipeline] {
[Pipeline] }
[Pipeline] {
[Pipeline] }
[Pipeline] {
[Pipeline] }
[Pipeline] {
[Pipeline] }
[Pipeline] {
[Pipeline] }
[Pipeline] {
[Pipeline] }
[Pipeline] {
[Pipeline] }
[Pipeline] {
[Pipeline] }
[Pipeline] {
[Pipeline] }
[Pipeline] {
[Pipeline] }
[Pipeline] {
[Pipeline] }
[Pipeline] {
[Pipeline] }
[Pipeline] {
[Pipeline] }
[Pipeline] {
[Pipeline] }
[Pipeline] {
[Pipeline] }
[Pipeline] {
[Pipeline] }
[Pipeline] {
[Pipeline] }
[Pipeline] {
[Pipeline] }
[Pipeline] {
[Pipeline] }
[Pipeline] {
[Pipeline] }
[Pipeline] {
[Pipeline] }
[Pipeline] {
[Pipeline] }
[Pipeline] {
[Pipeline] }
[Pipeline] {
[Pipeline] }
[Pipeline] {
[Pipeline] }
[Pipeline] {
[Pipeline] }
[Pipeline] {
[Pipeline] }
[Pipeline] {
[Pipeline] }
[Pipeline] {
[Pipeline] }
[Pipeline] {
[Pipeline] }
[Pipeline] {
[Pipeline] }
[Pipeline] {
[Pipeline] }
[Pipeline] {
[Pipeline] }
[Pipeline] {
[Pipeline] }
[Pipeline] {
[Pipeline] }
[Pipeline] {
[Pipeline] }
[Pipeline] {
[Pipeline] }
[Pipeline] {
[Pipeline] }
[Pipeline] {
[Pipeline] }
[Pipeline] {
[Pipeline] }
[Pipeline] {
[Pipeline] }
[Pipeline] {
[Pipeline] }
[Pipeline] {
[Pipeline] }
[Pipeline] {
[Pipeline] }
[Pipeline] {
[Pipeline] }
[Pipeline] {
[Pipeline] }
[Pipeline] {
[Pipeline] }
[Pipeline] {
[Pipeline] }
[Pipeline] {
[Pipeline] }
[Pipeline] {
[Pipeline] }
[Pipeline] {
[Pipeline] }
[Pipeline] {
[Pipeline] }
[Pipeline] {
[Pipeline] }
[Pipeline] {
[Pipeline] }
[Pipeline] {
[Pipeline] }
[Pipeline] {
[Pipeline] }
[Pipeline] {
[Pipeline] }
[Pipeline] {
[Pipeline] }
[Pipeline] {
[Pipeline] }
[Pipeline] {
[Pipeline] }
[Pipeline] {
[Pipeline] }
[Pipeline] {
[Pipeline] }
[Pipeline] {
[Pipeline] }
[Pipeline] {
[Pipeline] }
[Pipeline] {
[Pipeline] }
[Pipeline] {
[Pipeline] }
[Pipeline] {
[Pipeline] }
[Pipeline] {
[Pipeline] }
[Pipeline] {
[Pipeline] }
[Pipeline] {
[Pipeline] }
[Pipeline] {
[Pipeline] }
[Pipeline] {
[Pipeline] }
[Pipeline] {
[Pipeline] }
[Pipeline] {
[Pipeline] }
[Pipeline] {
[Pipeline] }
[Pipeline] {
[Pipeline] }
[Pipeline] {
[Pipeline] }
[Pipeline] {
[Pipeline] }
[Pipeline] {
[Pipeline] ansiColor
[Pipeline] {

[Pipeline] echo
[26-09-17 03:01] [34mINFO: Bucket BI Data Service current status: RUNNING (1 hours, 2 minutes, 0.066 seconds)[0m
[Pipeline] }

[Pipeline] // ansiColor
[Pipeline] echo
Triggered job url (BI Data Service): https://dataconn-jenkins.swg-devops.com/job/Development/job/devops-ivt/job/wkc-bi-data-service/job/wkc-bi-data-service-cx/7590/
[Pipeline] }
[Pipeline] {
[Pipeline] ansiColor
[Pipeline] {

[Pipeline] echo
[26-09-17 03:01] [34mINFO: Bucket DQ Rules current status: RUNNING (1 hours, 2 minutes, 3.030 seconds)[0m
[Pipeline] }

[Pipeline] // ansiColor
[Pipeline] echo
Triggered job url (DQ Rules): http://iaqajenkinsserver11.fyre.ibm.com:8080/job/Regression/job/DataQuality/job/DataRules/job/DQRule_CXRegression/1051/
[Pipeline] }
[Pipeline] {
[Pipeline] ansiColor
[Pipeline] {

[Pipeline] echo
[26-09-17 03:01] [34mINFO: Bucket MDE current status: FINISHED (1 hours, 2 minutes, 11.559 seconds)[0m
[Pipeline] }

[Pipeline] // ansiColor
[Pipeline] echo
Triggered job url (MDE): http://iaqajenkinsserver11.fyre.ibm.com:8080/job/Regression/job/MDE_KeyAnalysis/job/MDE_APIAutomation/job/MDE_FVTBucket_CP4D/1007/
[Pipeline] }
[Pipeline] // waitUntil
[Pipeline] }
[Pipeline] {
[Pipeline] // timeout
[Pipeline] }
[Pipeline] }
[Pipeline] // withCredentials
[Pipeline] }
[Pipeline] // catchError
[Pipeline] load
[Pipeline] { (bucket/bucket_post.groovy)
[Pipeline] }
[Pipeline] // load
[Pipeline] {
[Pipeline] }
[Pipeline] ansiColor
[Pipeline] {

[Pipeline] echo
[26-09-17 03:01] [34mINFO: MDE post starting[0m
[Pipeline] }

[Pipeline] // ansiColor
[Pipeline] catchError
[Pipeline] {
[Pipeline] load
[Pipeline] { (dashboard/bucket.groovy)
[Pipeline] }
[Pipeline] // load
[Pipeline] load
[Pipeline] { (dashboard/pipeline.groovy)
[Pipeline] }
[Pipeline] // load
[Pipeline] catchError
[Pipeline] {
[Pipeline] withCredentials
Masking supported pattern matches of $API_TOKEN
[Pipeline] {
[Pipeline] sh
Warning: A secret was passed to "sh" using Groovy String interpolation, which is insecure.
		 Affected argument(s) used the following variable(s): [API_TOKEN]
		 See https://jenkins.io/redirect/groovy-string-interpolation for details.
[Pipeline] readJSON
[Pipeline] readJSON
[Pipeline] sh
Warning: A secret was passed to "sh" using Groovy String interpolation, which is insecure.
		 Affected argument(s) used the following variable(s): [API_TOKEN]
		 See https://jenkins.io/redirect/groovy-string-interpolation for details.
[Pipeline] readJSON
[Pipeline] sh
[Pipeline] readJSON
[Pipeline] {
[Pipeline] ansiColor
[Pipeline] {

[Pipeline] }
[Pipeline] echo
[26-09-17 03:01] [34mINFO: Updated Dashboard Bucket 323029[0m
[Pipeline] }

[Pipeline] // ansiColor
[Pipeline] }
[Pipeline] // withCredentials
[Pipeline] }
[Pipeline] // catchError
[Pipeline] {
[Pipeline] load
[Pipeline] { (robobug/robobug.groovy)
[Pipeline] }
[Pipeline] }
[Pipeline] // load
[Pipeline] load
[Pipeline] { (robobug/close_issue.groovy)
[Pipeline] }
[Pipeline] // load
[Pipeline] build
Scheduling project: CloseGithubIssue
[Pipeline] ansiColor
[Pipeline] {

[Pipeline] echo
[26-09-17 03:02] [32mPASS: MDE bucket passed[0m
[Pipeline] }

[Pipeline] // ansiColor
[Pipeline] catchError
[Pipeline] {
[Pipeline] ansiColor
[Pipeline] {

[Pipeline] echo
[26-09-17 03:02] [34mINFO: Entering the JunitTestRail integration block.[0m
[Pipeline] }

[Pipeline] // ansiColor
[Pipeline] withCredentials
Masking supported pattern matches of $JENKINS_API_TOKEN or $USERNAME or $TESTRAIL_API_TOKEN
[Pipeline] {
[Pipeline] error
[Pipeline] }
[Pipeline] // withCredentials
[Pipeline] }
ERROR: No project name was found, quit further processing.
[Pipeline] // catchError
[Pipeline] }
[Pipeline] // catchError
[Pipeline] {
[Pipeline] }
[Pipeline] }
[Pipeline] // script
[Pipeline] }
[Pipeline] // stage
[Pipeline] }
[Pipeline] {
[Pipeline] }
[Pipeline] {
[Pipeline] }
[Pipeline] {
[Pipeline] }
[Pipeline] {
[Pipeline] }
[Pipeline] {
[Pipeline] }
[Pipeline] {
[Pipeline] }
[Pipeline] {
[Pipeline] }
[Pipeline] {
[Pipeline] }
[Pipeline] {
[Pipeline] }
[Pipeline] {
[Pipeline] }
[Pipeline] {
[Pipeline] }
[Pipeline] {
[Pipeline] }
[Pipeline] {
[Pipeline] }
[Pipeline] {
[Pipeline] }
[Pipeline] {
[Pipeline] }
[Pipeline] {
[Pipeline] }
[Pipeline] {
[Pipeline] }
[Pipeline] {
[Pipeline] }
[Pipeline] {
[Pipeline] }
[Pipeline] {
[Pipeline] }
[Pipeline] {
[Pipeline] }
[Pipeline] {
[Pipeline] }
[Pipeline] {
[Pipeline] }
[Pipeline] {
[Pipeline] }
[Pipeline] {
[Pipeline] }
[Pipeline] {
[Pipeline] }
[Pipeline] {
[Pipeline] }
[Pipeline] {
[Pipeline] }
[Pipeline] {
[Pipeline] }
[Pipeline] {
[Pipeline] }
[Pipeline] {
[Pipeline] }
[Pipeline] {
[Pipeline] }
[Pipeline] {
[Pipeline] }
[Pipeline] {
[Pipeline] }
[Pipeline] {
[Pipeline] }
[Pipeline] {
[Pipeline] }
[Pipeline] {
[Pipeline] }
[Pipeline] {
[Pipeline] }
[Pipeline] {
[Pipeline] }
[Pipeline] {
[Pipeline] }
[Pipeline] {
[Pipeline] }
[Pipeline] // waitUntil
[Pipeline] sh
Warning: A secret was passed to "sh" using Groovy String interpolation, which is insecure.
		 Affected argument(s) used the following variable(s): [API_TOKEN]
		 See https://jenkins.io/redirect/groovy-string-interpolation for details.
WARNING: Unknown parameter(s) found for class type 'org.jenkinsci.plugins.workflow.steps.durable_task.ShellStep': env

[Pipeline] ansiColor
[Pipeline] {

[Pipeline] echo
[26-09-17 03:07] [31mERROR: Exception while fetching console output from http://iaqajenkinsserver11.fyre.ibm.com:8080/job/Regression/job/DataQuality/job/DataRules/job/DQRule_CXRegression/1051/: script returned exit code 6[0m
[Pipeline] }

[Pipeline] // ansiColor
[Pipeline] }
[Pipeline] // timeout
[Pipeline] }
[Pipeline] // withCredentials
[Pipeline] {
[Pipeline] }
[Pipeline] }
[Pipeline] // catchError
[Pipeline] load
[Pipeline] { (bucket/bucket_post.groovy)
[Pipeline] }
[Pipeline] // load
[Pipeline] ansiColor
[Pipeline] {

[Pipeline] echo
[26-09-17 03:08] [34mINFO: DQ Rules post starting[0m
[Pipeline] }

[Pipeline] // ansiColor
[Pipeline] catchError
[Pipeline] {
[Pipeline] load
[Pipeline] { (dashboard/bucket.groovy)
[Pipeline] }
[Pipeline] // load
[Pipeline] load
[Pipeline] { (dashboard/pipeline.groovy)
[Pipeline] }
[Pipeline] // load
[Pipeline] catchError
[Pipeline] {
[Pipeline] withCredentials
Masking supported pattern matches of $API_TOKEN
[Pipeline] {
[Pipeline] sh
Warning: A secret was passed to "sh" using Groovy String interpolation, which is insecure.
		 Affected argument(s) used the following variable(s): [API_TOKEN]
		 See https://jenkins.io/redirect/groovy-string-interpolation for details.
[Pipeline] readJSON
[Pipeline] readJSON
[Pipeline] sh
Warning: A secret was passed to "sh" using Groovy String interpolation, which is insecure.
		 Affected argument(s) used the following variable(s): [API_TOKEN]
		 See https://jenkins.io/redirect/groovy-string-interpolation for details.
[Pipeline] readJSON
[Pipeline] ansiColor
[Pipeline] {

[Pipeline] echo
[26-09-17 03:08] [33mWARN: Could not get Test Report info for DQ Rules[0m
[Pipeline] }

[Pipeline] // ansiColor
[Pipeline] sh
[Pipeline] readJSON
[Pipeline] {
[Pipeline] ansiColor
[Pipeline] {

[Pipeline] }
[Pipeline] echo
[26-09-17 03:08] [34mINFO: Updated Dashboard Bucket 323027[0m
[Pipeline] }

[Pipeline] // ansiColor
[Pipeline] }
[Pipeline] // withCredentials
[Pipeline] }
[Pipeline] // catchError
[Pipeline] ansiColor
[Pipeline] {

[Pipeline] echo
[26-09-17 03:08] [31mFAIL: DQ Rules bucket failed[0m
[Pipeline] }

[Pipeline] // ansiColor
[Pipeline] load
[Pipeline] { (robobug/robobug.groovy)
[Pipeline] }
[Pipeline] // load
[Pipeline] withCredentials
Masking supported pattern matches of $API_TOKEN
[Pipeline] {
[Pipeline] load
[Pipeline] { (robobug/create_issue.groovy)
[Pipeline] }
[Pipeline] // load
[Pipeline] load
[Pipeline] { (util/job_local_retry.groovy)
[Pipeline] }
[Pipeline] // load
[Pipeline] ansiColor
[Pipeline] {

[Pipeline] echo
[26-09-17 03:08] [34mINFO: Building local job OpenIssue, try #1[0m
[Pipeline] }

[Pipeline] // ansiColor
[Pipeline] build
Warning: A secret was passed to "build" using Groovy String interpolation, which is insecure.
		 Affected argument(s) used the following variable(s): [API_TOKEN]
		 See https://jenkins.io/redirect/groovy-string-interpolation for details.
Scheduling project: OpenIssue
The parameter 'JenkinsToken' did not have the type expected by OpenIssue. Converting to Password Parameter.
[Pipeline] {
[Pipeline] }
Starting building: OpenIssue #65082
[Pipeline] {
[Pipeline] }
[Pipeline] {
[Pipeline] }
[Pipeline] {
[Pipeline] }
[Pipeline] {
[Pipeline] }
[Pipeline] {
[Pipeline] }
[Pipeline] {
[Pipeline] }
[Pipeline] {
[Pipeline] }
Build OpenIssue DQ Rules-Ironwood-65082 completed: SUCCESS
Did you forget the `def` keyword? Script199 seems to be setting a field named gh_issue (to a value of type RunWrapper) which could lead to memory leaks or other issues.
Did you forget the `def` keyword? Script199 seems to be setting a field named buildResultIssue (to a value of type String) which could lead to memory leaks or other issues.
[Pipeline] echo
issue build result: SUCCESS
[Pipeline] copyArtifacts
Due to the Copy artifact compatibility mode, set as migration, the build can reach the project OpenIssue.
 But in Production mode, this will not be the case anymore.
 Please consider adding the CopyArtifactPermission on the project you want to copy.
Copied 1 artifact from "OpenIssue" build number 65082
[Pipeline] readProperties
[Pipeline] echo
updating bucket
[Pipeline] load
[Pipeline] { (dashboard/bucket.groovy)
[Pipeline] }
[Pipeline] // load
[Pipeline] load
[Pipeline] { (dashboard/pipeline.groovy)
[Pipeline] }
[Pipeline] // load
[Pipeline] catchError
[Pipeline] {
[Pipeline] ansiColor
[Pipeline] {

[Pipeline] echo
[26-09-17 03:10] [34mINFO: Adding issue [5.4.0/Patch 8/WKC] DQ Rules Bucket failed [Regression API Tests] https://github.ibm.com/wdp-gov/tracker/issues/374244 to Bucket Run[0m
[Pipeline] }

[Pipeline] // ansiColor
[Pipeline] sh
[Pipeline] }
[Pipeline] // catchError
[Pipeline] }
[Pipeline] // withCredentials
[Pipeline] error
[Pipeline] }
ERROR: DQ Rules failed with result: FAILURE
[Pipeline] // catchError
[Pipeline] }
[Pipeline] // script
[Pipeline] }
[Pipeline] // stage
[Pipeline] }
[Pipeline] {
[Pipeline] }
[Pipeline] {
[Pipeline] }
[Pipeline] {
[Pipeline] }
[Pipeline] {
[Pipeline] ansiColor
[Pipeline] {

[Pipeline] echo
[26-09-17 03:11] [34mINFO: Bucket BI Data Service current status: RUNNING (1 hours, 12 minutes, 13.741 seconds)[0m
[Pipeline] }

[Pipeline] // ansiColor
[Pipeline] echo
Triggered job url (BI Data Service): https://dataconn-jenkins.swg-devops.com/job/Development/job/devops-ivt/job/wkc-bi-data-service/job/wkc-bi-data-service-cx/7590/
[Pipeline] }
[Pipeline] {
[Pipeline] }
[Pipeline] {
[Pipeline] }
[Pipeline] {
[Pipeline] }
[Pipeline] {
[Pipeline] }
[Pipeline] {
[Pipeline] }
[Pipeline] {
[Pipeline] }
[Pipeline] {
[Pipeline] }
[Pipeline] {
[Pipeline] }
[Pipeline] {
[Pipeline] }
[Pipeline] {
[Pipeline] }
[Pipeline] {
[Pipeline] }
[Pipeline] {
[Pipeline] }
[Pipeline] {
[Pipeline] }
[Pipeline] {
[Pipeline] }
[Pipeline] {
[Pipeline] }
[Pipeline] {
[Pipeline] }
[Pipeline] {
[Pipeline] }
[Pipeline] {
[Pipeline] }
[Pipeline] {
[Pipeline] }
[Pipeline] {
[Pipeline] }
[Pipeline] {
[Pipeline] }
[Pipeline] {
[Pipeline] }
[Pipeline] {
[Pipeline] }
[Pipeline] {
[Pipeline] }
[Pipeline] {
[Pipeline] }
[Pipeline] {
[Pipeline] }
[Pipeline] {
[Pipeline] }
[Pipeline] {
[Pipeline] }
[Pipeline] {
[Pipeline] }
[Pipeline] {
[Pipeline] }
[Pipeline] {
[Pipeline] }
[Pipeline] {
[Pipeline] }
[Pipeline] {
[Pipeline] }
[Pipeline] {
[Pipeline] }
[Pipeline] {
[Pipeline] }
[Pipeline] {
[Pipeline] ansiColor
[Pipeline] {

[Pipeline] echo
[26-09-17 03:21] [34mINFO: Bucket BI Data Service current status: RUNNING (1 hours, 22 minutes, 1.816 seconds)[0m
[Pipeline] }

[Pipeline] // ansiColor
[Pipeline] echo
Triggered job url (BI Data Service): https://dataconn-jenkins.swg-devops.com/job/Development/job/devops-ivt/job/wkc-bi-data-service/job/wkc-bi-data-service-cx/7590/
[Pipeline] }
[Pipeline] {
[Pipeline] }
[Pipeline] {
[Pipeline] }
[Pipeline] {
[Pipeline] }
[Pipeline] {
[Pipeline] }
[Pipeline] {
[Pipeline] }
[Pipeline] {
[Pipeline] }
[Pipeline] {
[Pipeline] }
[Pipeline] {
[Pipeline] }
[Pipeline] {
[Pipeline] }
[Pipeline] {
[Pipeline] }
[Pipeline] {
[Pipeline] }
[Pipeline] {
[Pipeline] }
[Pipeline] {
[Pipeline] }
[Pipeline] {
[Pipeline] }
[Pipeline] {
[Pipeline] }
[Pipeline] {
[Pipeline] }
[Pipeline] {
[Pipeline] }
[Pipeline] {
[Pipeline] }
[Pipeline] {
[Pipeline] }
[Pipeline] {
[Pipeline] }
[Pipeline] {
[Pipeline] }
[Pipeline] {
[Pipeline] }
[Pipeline] {
[Pipeline] }
[Pipeline] {
[Pipeline] }
[Pipeline] {
[Pipeline] }
[Pipeline] {
[Pipeline] }
[Pipeline] {
[Pipeline] }
[Pipeline] {
[Pipeline] }
[Pipeline] {
[Pipeline] }
[Pipeline] {
[Pipeline] }
[Pipeline] {
[Pipeline] }
[Pipeline] {
[Pipeline] }
[Pipeline] {
[Pipeline] }
[Pipeline] {
[Pipeline] }
[Pipeline] {
[Pipeline] }
[Pipeline] {
[Pipeline] }
[Pipeline] {
[Pipeline] ansiColor
[Pipeline] {

[Pipeline] echo
[26-09-17 03:31] [34mINFO: Bucket BI Data Service current status: RUNNING (1 hours, 32 minutes, 7.368 seconds)[0m
[Pipeline] }

[Pipeline] // ansiColor
[Pipeline] echo
Triggered job url (BI Data Service): https://dataconn-jenkins.swg-devops.com/job/Development/job/devops-ivt/job/wkc-bi-data-service/job/wkc-bi-data-service-cx/7590/
[Pipeline] }
[Pipeline] {
[Pipeline] }
[Pipeline] {
[Pipeline] }
[Pipeline] {
[Pipeline] }
[Pipeline] {
[Pipeline] }
[Pipeline] {
[Pipeline] }
[Pipeline] {
[Pipeline] }
[Pipeline] {
[Pipeline] }
[Pipeline] {
[Pipeline] }
[Pipeline] {
[Pipeline] }
[Pipeline] {
[Pipeline] }
[Pipeline] {
[Pipeline] }
[Pipeline] {
[Pipeline] }
[Pipeline] {
[Pipeline] }
[Pipeline] {
[Pipeline] }
[Pipeline] {
[Pipeline] }
[Pipeline] {
[Pipeline] }
[Pipeline] {
[Pipeline] }
[Pipeline] {
[Pipeline] }
[Pipeline] {
[Pipeline] }
[Pipeline] {
[Pipeline] }
[Pipeline] {
[Pipeline] }
[Pipeline] {
[Pipeline] }
[Pipeline] {
[Pipeline] }
[Pipeline] {
[Pipeline] }
[Pipeline] {
[Pipeline] }
[Pipeline] {
[Pipeline] }
[Pipeline] {
[Pipeline] }
[Pipeline] {
[Pipeline] }
[Pipeline] {
[Pipeline] }
[Pipeline] {
[Pipeline] }
[Pipeline] {
[Pipeline] }
[Pipeline] {
[Pipeline] }
[Pipeline] {
[Pipeline] }
[Pipeline] {
[Pipeline] }
[Pipeline] {
[Pipeline] }
[Pipeline] {
[Pipeline] }
[Pipeline] {
[Pipeline] ansiColor
[Pipeline] {

[Pipeline] echo
[26-09-17 03:41] [34mINFO: Bucket BI Data Service current status: RUNNING (1 hours, 42 minutes, 13.381 seconds)[0m
[Pipeline] }

[Pipeline] // ansiColor
[Pipeline] echo
Triggered job url (BI Data Service): https://dataconn-jenkins.swg-devops.com/job/Development/job/devops-ivt/job/wkc-bi-data-service/job/wkc-bi-data-service-cx/7590/
[Pipeline] }
[Pipeline] {
[Pipeline] }
[Pipeline] {
[Pipeline] }
[Pipeline] {
[Pipeline] }
[Pipeline] {
[Pipeline] }
[Pipeline] {
[Pipeline] }
[Pipeline] {
[Pipeline] }
[Pipeline] {
[Pipeline] }
[Pipeline] {
[Pipeline] }
[Pipeline] {
[Pipeline] }
[Pipeline] {
[Pipeline] }
[Pipeline] {
[Pipeline] }
[Pipeline] {
[Pipeline] }
[Pipeline] {
[Pipeline] }
[Pipeline] {
[Pipeline] }
[Pipeline] {
[Pipeline] }
[Pipeline] {
[Pipeline] }
[Pipeline] {
[Pipeline] }
[Pipeline] {
[Pipeline] }
[Pipeline] {
[Pipeline] }
[Pipeline] {
[Pipeline] }
[Pipeline] {
[Pipeline] }
[Pipeline] {
[Pipeline] }
[Pipeline] {
[Pipeline] }
[Pipeline] {
[Pipeline] }
[Pipeline] {
[Pipeline] }
[Pipeline] {
[Pipeline] }
[Pipeline] {
[Pipeline] }
[Pipeline] {
[Pipeline] }
[Pipeline] {
[Pipeline] }
[Pipeline] {
[Pipeline] }
[Pipeline] {
[Pipeline] }
[Pipeline] {
[Pipeline] }
[Pipeline] {
[Pipeline] }
[Pipeline] {
[Pipeline] }
[Pipeline] {
[Pipeline] }
[Pipeline] // waitUntil
[Pipeline] }
[Pipeline] // timeout
[Pipeline] }
[Pipeline] // withCredentials
[Pipeline] }
[Pipeline] // catchError
[Pipeline] load
[Pipeline] { (bucket/bucket_post.groovy)
[Pipeline] }
[Pipeline] // load
[Pipeline] ansiColor
[Pipeline] {

[Pipeline] echo
[26-09-17 03:51] [34mINFO: BI Data Service post starting[0m
[Pipeline] }

[Pipeline] // ansiColor
[Pipeline] catchError
[Pipeline] {
[Pipeline] load
[Pipeline] { (dashboard/bucket.groovy)
[Pipeline] }
[Pipeline] // load
[Pipeline] load
[Pipeline] { (dashboard/pipeline.groovy)
[Pipeline] }
[Pipeline] // load
[Pipeline] catchError
[Pipeline] {
[Pipeline] withCredentials
Masking supported pattern matches of $API_TOKEN
[Pipeline] {
[Pipeline] sh
Warning: A secret was passed to "sh" using Groovy String interpolation, which is insecure.
		 Affected argument(s) used the following variable(s): [API_TOKEN]
		 See https://jenkins.io/redirect/groovy-string-interpolation for details.
[Pipeline] readJSON
[Pipeline] readJSON
[Pipeline] sh
Warning: A secret was passed to "sh" using Groovy String interpolation, which is insecure.
		 Affected argument(s) used the following variable(s): [API_TOKEN]
		 See https://jenkins.io/redirect/groovy-string-interpolation for details.
[Pipeline] readJSON
[Pipeline] sh
[Pipeline] readJSON
[Pipeline] ansiColor
[Pipeline] {

[Pipeline] echo
[26-09-17 03:51] [34mINFO: Updated Dashboard Bucket 323026[0m
[Pipeline] }

[Pipeline] // ansiColor
[Pipeline] }
[Pipeline] // withCredentials
[Pipeline] }
[Pipeline] // catchError
[Pipeline] load
[Pipeline] { (robobug/robobug.groovy)
[Pipeline] }
[Pipeline] // load
[Pipeline] load
[Pipeline] { (robobug/close_issue.groovy)
[Pipeline] }
[Pipeline] // load
[Pipeline] build
Scheduling project: CloseGithubIssue
[Pipeline] ansiColor
[Pipeline] {

[Pipeline] echo
[26-09-17 03:51] [32mPASS: BI Data Service bucket passed[0m
[Pipeline] }

[Pipeline] // ansiColor
[Pipeline] catchError
[Pipeline] {
[Pipeline] ansiColor
[Pipeline] {

[Pipeline] echo
[26-09-17 03:51] [34mINFO: Entering the JunitTestRail integration block.[0m
[Pipeline] }

[Pipeline] // ansiColor
[Pipeline] withCredentials
Masking supported pattern matches of $JENKINS_API_TOKEN or $USERNAME or $TESTRAIL_API_TOKEN
[Pipeline] {
[Pipeline] error
[Pipeline] }
[Pipeline] // withCredentials
[Pipeline] }
ERROR: No project name was found, quit further processing.
[Pipeline] // catchError
[Pipeline] }
[Pipeline] // catchError
[Pipeline] }
[Pipeline] // script
[Pipeline] }
[Pipeline] // stage
[Pipeline] }
[Pipeline] // parallel
[Pipeline] }
[Pipeline] // script
[Pipeline] }
[Pipeline] // stage
[Pipeline] stage
[Pipeline] { (Batch 4)
[Pipeline] script
[Pipeline] {
[Pipeline] parallel
[Pipeline] { (Branch: DQ Tab)
[Pipeline] { (Branch: Key Analysis)
[Pipeline] stage
[Pipeline] { (DQ Tab)
[Pipeline] stage
[Pipeline] { (Key Analysis)
[Pipeline] script
[Pipeline] {
[Pipeline] script
[Pipeline] {
[Pipeline] load
[Pipeline] { (bucket/bucket_pre.groovy)
[Pipeline] load
[Pipeline] { (bucket/bucket_pre.groovy)
[Pipeline] }
[Pipeline] }
[Pipeline] // load
[Pipeline] // load
[Pipeline] ansiColor
[Pipeline] {

[Pipeline] ansiColor
[Pipeline] {

[Pipeline] echo
[26-09-17 03:51] [34mINFO: DQ Tab pre check starting[0m
[Pipeline] }

[Pipeline] echo
[26-09-17 03:51] [34mINFO: Key Analysis pre check starting[0m
[Pipeline] }

[Pipeline] // ansiColor
[Pipeline] // ansiColor
[Pipeline] load
[Pipeline] { (bucket/bucket.groovy)
[Pipeline] }
[Pipeline] // load
[Pipeline] catchError
[Pipeline] {
[Pipeline] ansiColor
[Pipeline] {

[Pipeline] echo
[26-09-17 03:51] [34mINFO: DQ Tab validation starting[0m
[Pipeline] }

[Pipeline] // ansiColor
[Pipeline] load
[Pipeline] { (dashboard/bucket.groovy)
[Pipeline] }
[Pipeline] // load
[Pipeline] load
[Pipeline] { (dashboard/pipeline.groovy)
[Pipeline] }
[Pipeline] load
[Pipeline] { (bucket/bucket.groovy)
[Pipeline] // load
[Pipeline] catchError
[Pipeline] {
[Pipeline] }
[Pipeline] sh
[Pipeline] // load
[Pipeline] catchError
[Pipeline] {
[Pipeline] readJSON
[Pipeline] ansiColor
[Pipeline] {

[Pipeline] ansiColor
[Pipeline] {

[Pipeline] echo
[26-09-17 03:52] [34mINFO: Key Analysis validation starting[0m
[Pipeline] }

[Pipeline] echo
[26-09-17 03:52] [34mINFO: Added Dashboard Bucket 323089[0m
[Pipeline] }

[Pipeline] // ansiColor
[Pipeline] load
[Pipeline] { (dashboard/bucket.groovy)
[Pipeline] // ansiColor
[Pipeline] }
[Pipeline] }
[Pipeline] // catchError
[Pipeline] withCredentials
Masking supported pattern matches of $API_TOKEN
[Pipeline] // load
[Pipeline] {
[Pipeline] load
[Pipeline] { (dashboard/pipeline.groovy)
[Pipeline] timeout
Timeout set to expire in 5 hr 0 min
[Pipeline] {
[Pipeline] }
[Pipeline] load
[Pipeline] { (util/job_remote_retry.groovy)
[Pipeline] }
[Pipeline] // load
[Pipeline] catchError
[Pipeline] {
[Pipeline] // load
[Pipeline] sh
[Pipeline] ansiColor
[Pipeline] {

[Pipeline] echo
[26-09-17 03:52] [34mINFO: Building remote job DQ Tab, try #1[0m
[Pipeline] }

[Pipeline] readJSON
[Pipeline] // ansiColor
[Pipeline] triggerRemoteJob
################################################################################################################
  Parameterized Remote Trigger Configuration:
    - job:                     Regression/DataQuality/DQTab/DQ_TAB_Regression 
    - remoteJenkinsName:       iaqajenkinsserver11
    - parameters:              {Cluster Code=418ocs08f, ROOT_PWD=Th3P!r@t3P7an3t, Product=WKC, WDP_SERVICE_ID="YVdOd05HUXRaR1YyT25Zd2VHRm9PRzloUlRkcGFHMD0=", OC_USER=kubeadmin, OC API URL=https://api.418ocs08f.cp.fyre.ibm.com:6443, Parent Job URL=http://wkc-jenkins-app.fyre.ibm.com:8080/blue/organizations/jenkins/Overseer/detail/Ironwood/2678/pipeline/, MACHINE_IP=cpd-wxdi.apps.418ocs08f.cp.fyre.ibm.com, OC Namespace=wxdi, OC Token=, OMAG E2E=Skip Workload, Architecture=x, VAULT_TYPE=NONE, Secured By=NONE, Vault Type=NONE, OC_TOKEN=, PASSWORD=ExndOfab0RiK, Override Options=, OC_NAMESPACE=wxdi, OC Password=rwrRo-KjrFa-gFjhP-HN6gN, Build IDs=CustomRun:true, Legend=Custom Stage Run, Diagnostics=true, OC_PASSWORD=rwrRo-KjrFa-gFjhP-HN6gN, WKC_PASSWORD=ExndOfab0RiK, CP_CONSOLE=https://console-openshift-console.apps.418ocs08f.cp.fyre.ibm.com, Slack Channels=ironwood-build-info, URL=https://cpd-wxdi.apps.418ocs08f.cp.fyre.ibm.com, OC_URL=https://api.418ocs08f.cp.fyre.ibm.com:6443, WKC_HOST=cpd-wxdi.apps.418ocs08f.cp.fyre.ibm.com, ROOT_PASSWORD=Th3P!r@t3P7an3t, SECURED_BY=NONE, Branch=Ironwood, Scorecard=CX 5.4.0 WKC, OC_PASS=rwrRo-KjrFa-gFjhP-HN6gN, Release=5.4.0, CP4D Project URL=https://cpd-wxdi.apps.418ocs08f.cp.fyre.ibm.com, Password=ExndOfab0RiK, User_Name=admin, WKC_URL=https://cpd-wxdi.apps.418ocs08f.cp.fyre.ibm.com, WKC_USERNAME=admin, Scale=Small, Pipeline=api:http://devoptics-app.fyre.ibm.com/api/overlord_products/foundation/?name=WKC&type=Regression&release=5.4.0, Type=Regression, Admin User=admin, Openshift Console URL=https://console-openshift-console.apps.418ocs08f.cp.fyre.ibm.com, Git Repository=, Root Password=Th3P!r@t3P7an3t, OC User=kubeadmin, Admin Password=ExndOfab0RiK, PlatformType=x, Operator Namespace=wxdi-operators}
    - blockBuildUntilComplete: false
    - connectionRetryLimit:    5
    - trustAllCertificates:    false
################################################################################################################
Triggering parameterized remote job 'http://iaqajenkinsserver11.fyre.ibm.com:8080/job/Regression/job/DataQuality/job/DQTab/job/DQ_TAB_Regression'
  Using globally defined 'Token Authentication' as user 'bff@us.ibm.com'
Triggering remote job now.
[Pipeline] ansiColor
[Pipeline] {

[Pipeline] echo
[26-09-17 03:52] [34mINFO: Added Dashboard Bucket 323091[0m
[Pipeline] }

[Pipeline] // ansiColor
[Pipeline] echo
Triggered parameterized remote job url (DQ Tab): http://iaqajenkinsserver11.fyre.ibm.com:8080/job/Regression/job/DataQuality/job/DQTab/job/DQ_TAB_Regression/37/
[Pipeline] load
[Pipeline] { (dashboard/bucket.groovy)
[Pipeline] }
[Pipeline] }
[Pipeline] // catchError
[Pipeline] withCredentials
Masking supported pattern matches of $API_TOKEN
[Pipeline] // load
[Pipeline] {
[Pipeline] load
[Pipeline] { (dashboard/pipeline.groovy)
[Pipeline] timeout
Timeout set to expire in 1 hr 0 min
[Pipeline] {
[Pipeline] }
[Pipeline] load
[Pipeline] { (util/job_remote_retry.groovy)
[Pipeline] }
[Pipeline] // load
[Pipeline] catchError
[Pipeline] {
[Pipeline] // load
[Pipeline] sh
[Pipeline] ansiColor
[Pipeline] {

[Pipeline] echo
[26-09-17 03:52] [34mINFO: Building remote job Key Analysis, try #1[0m
[Pipeline] }

[Pipeline] readJSON
[Pipeline] // ansiColor
[Pipeline] triggerRemoteJob
################################################################################################################
  Parameterized Remote Trigger Configuration:
    - job:                     Regression/MDE_KeyAnalysis/KeyAnalysis_APIAutomation/KeyAnalysis_FVTBucket_CP4D 
    - remoteJenkinsName:       iaqajenkinsserver11
    - parameters:              {Cluster Code=418ocs08f, ROOT_PWD=Th3P!r@t3P7an3t, Product=WKC, WDP_SERVICE_ID="YVdOd05HUXRaR1YyT25Zd2VHRm9PRzloUlRkcGFHMD0=", OC_USER=kubeadmin, OC API URL=https://api.418ocs08f.cp.fyre.ibm.com:6443, Parent Job URL=http://wkc-jenkins-app.fyre.ibm.com:8080/blue/organizations/jenkins/Overseer/detail/Ironwood/2678/pipeline/, MACHINE_IP=cpd-wxdi.apps.418ocs08f.cp.fyre.ibm.com, OC Namespace=wxdi, OC Token=, OMAG E2E=Skip Workload, Architecture=x, VAULT_TYPE=NONE, Secured By=NONE, Vault Type=NONE, OC_TOKEN=, PASSWORD=ExndOfab0RiK, Override Options=, OC_NAMESPACE=wxdi, OC Password=rwrRo-KjrFa-gFjhP-HN6gN, Build IDs=CustomRun:true, Legend=Custom Stage Run, Diagnostics=true, OC_PASSWORD=rwrRo-KjrFa-gFjhP-HN6gN, WKC_PASSWORD=ExndOfab0RiK, CP_CONSOLE=https://console-openshift-console.apps.418ocs08f.cp.fyre.ibm.com, Slack Channels=ironwood-build-info, URL=https://cpd-wxdi.apps.418ocs08f.cp.fyre.ibm.com, OC_URL=https://api.418ocs08f.cp.fyre.ibm.com:6443, WKC_HOST=cpd-wxdi.apps.418ocs08f.cp.fyre.ibm.com, ROOT_PASSWORD=Th3P!r@t3P7an3t, SECURED_BY=NONE, Branch=Ironwood, Scorecard=CX 5.4.0 WKC, OC_PASS=rwrRo-KjrFa-gFjhP-HN6gN, Release=5.4.0, CP4D Project URL=https://cpd-wxdi.apps.418ocs08f.cp.fyre.ibm.com, Password=ExndOfab0RiK, User_Name=admin, WKC_URL=https://cpd-wxdi.apps.418ocs08f.cp.fyre.ibm.com, WKC_USERNAME=admin, Scale=Small, Pipeline=api:http://devoptics-app.fyre.ibm.com/api/overlord_products/foundation/?name=WKC&type=Regression&release=5.4.0, Type=Regression, Admin User=admin, Openshift Console URL=https://console-openshift-console.apps.418ocs08f.cp.fyre.ibm.com, Git Repository=, Root Password=Th3P!r@t3P7an3t, OC User=kubeadmin, Admin Password=ExndOfab0RiK, PlatformType=x, Operator Namespace=wxdi-operators}
    - blockBuildUntilComplete: false
    - connectionRetryLimit:    5
    - trustAllCertificates:    false
################################################################################################################
[Pipeline] ansiColor
[Pipeline] {

Triggering parameterized remote job 'http://iaqajenkinsserver11.fyre.ibm.com:8080/job/Regression/job/MDE_KeyAnalysis/job/KeyAnalysis_APIAutomation/job/KeyAnalysis_FVTBucket_CP4D'
  Using globally defined 'Token Authentication' as user 'bff@us.ibm.com'
Triggering remote job now.
[Pipeline] echo
[26-09-17 03:52] [34mINFO: Updated Dashboard Bucket 323089[0m
[Pipeline] }

[Pipeline] // ansiColor
[Pipeline] echo
Triggered parameterized remote job url (Key Analysis): http://iaqajenkinsserver11.fyre.ibm.com:8080/job/Regression/job/MDE_KeyAnalysis/job/KeyAnalysis_APIAutomation/job/KeyAnalysis_FVTBucket_CP4D/401/
[Pipeline] load
[Pipeline] { (dashboard/bucket.groovy)
[Pipeline] }
[Pipeline] }
[Pipeline] // catchError
[Pipeline] waitUntil
[Pipeline] {
[Pipeline] // load
[Pipeline] load
[Pipeline] { (dashboard/pipeline.groovy)
[Pipeline] }
[Pipeline] }
[Pipeline] // load
[Pipeline] catchError
[Pipeline] {
[Pipeline] sh
[Pipeline] readJSON
[Pipeline] ansiColor
[Pipeline] {

[Pipeline] echo
[26-09-17 03:52] [34mINFO: Updated Dashboard Bucket 323091[0m
[Pipeline] }

[Pipeline] // ansiColor
[Pipeline] }
[Pipeline] // catchError
[Pipeline] waitUntil
[Pipeline] {
[Pipeline] }
[Pipeline] {
[Pipeline] }
[Pipeline] {
[Pipeline] }
[Pipeline] {
[Pipeline] }
[Pipeline] {
[Pipeline] }
[Pipeline] {
[Pipeline] }
[Pipeline] {
[Pipeline] }
[Pipeline] {
[Pipeline] }
[Pipeline] {
[Pipeline] }
[Pipeline] {
[Pipeline] }
[Pipeline] {
[Pipeline] }
[Pipeline] {
[Pipeline] }
[Pipeline] {
[Pipeline] }
[Pipeline] {
[Pipeline] ansiColor
[Pipeline] {

[Pipeline] echo
[26-09-17 03:54] [34mINFO: Bucket DQ Tab current status: RUNNING (2 minutes, 11.831 seconds)[0m
[Pipeline] }

[Pipeline] // ansiColor
[Pipeline] echo
Triggered job url (DQ Tab): http://iaqajenkinsserver11.fyre.ibm.com:8080/job/Regression/job/DataQuality/job/DQTab/job/DQ_TAB_Regression/37/
[Pipeline] }
[Pipeline] {
[Pipeline] ansiColor
[Pipeline] {

[Pipeline] echo
[26-09-17 03:54] [34mINFO: Bucket Key Analysis current status: RUNNING (2 minutes, 10.665 seconds)[0m
[Pipeline] }

[Pipeline] // ansiColor
[Pipeline] echo
Triggered job url (Key Analysis): http://iaqajenkinsserver11.fyre.ibm.com:8080/job/Regression/job/MDE_KeyAnalysis/job/KeyAnalysis_APIAutomation/job/KeyAnalysis_FVTBucket_CP4D/401/
[Pipeline] }
[Pipeline] {
[Pipeline] }
[Pipeline] {
[Pipeline] }
[Pipeline] {
[Pipeline] }
[Pipeline] {
[Pipeline] }
[Pipeline] {
[Pipeline] }
[Pipeline] {
[Pipeline] }
[Pipeline] {
[Pipeline] }
[Pipeline] {
[Pipeline] }
[Pipeline] {
[Pipeline] }
[Pipeline] {
[Pipeline] }
[Pipeline] {
[Pipeline] }
[Pipeline] {
[Pipeline] }
[Pipeline] {
[Pipeline] }
[Pipeline] {
[Pipeline] }
[Pipeline] {
[Pipeline] }
[Pipeline] {
[Pipeline] }
[Pipeline] {
[Pipeline] }
[Pipeline] {
[Pipeline] }
[Pipeline] {
[Pipeline] }
[Pipeline] {
[Pipeline] }
[Pipeline] {
[Pipeline] }
[Pipeline] {
[Pipeline] }
[Pipeline] {
[Pipeline] }
[Pipeline] {
[Pipeline] }
[Pipeline] {
[Pipeline] }
[Pipeline] {
[Pipeline] }
[Pipeline] {
[Pipeline] }
[Pipeline] {
[Pipeline] }
[Pipeline] {
[Pipeline] }
[Pipeline] {
[Pipeline] }
[Pipeline] {
[Pipeline] }
[Pipeline] {
[Pipeline] }
[Pipeline] {
[Pipeline] }
[Pipeline] {
[Pipeline] }
[Pipeline] {
[Pipeline] }
[Pipeline] {
[Pipeline] }
[Pipeline] {
[Pipeline] }
[Pipeline] {
[Pipeline] }
[Pipeline] {
[Pipeline] }
[Pipeline] {
[Pipeline] }
[Pipeline] {
[Pipeline] }
[Pipeline] {
[Pipeline] }
[Pipeline] {
[Pipeline] }
[Pipeline] {
[Pipeline] }
[Pipeline] {
[Pipeline] }
[Pipeline] {
[Pipeline] }
[Pipeline] {
[Pipeline] }
[Pipeline] {
[Pipeline] }
[Pipeline] {
[Pipeline] }
[Pipeline] {
[Pipeline] }
[Pipeline] {
[Pipeline] }
[Pipeline] {
[Pipeline] }
[Pipeline] {
[Pipeline] }
[Pipeline] {
[Pipeline] }
[Pipeline] {
[Pipeline] }
[Pipeline] {
[Pipeline] }
[Pipeline] {
[Pipeline] }
[Pipeline] {
[Pipeline] }
[Pipeline] {
[Pipeline] }
[Pipeline] {
[Pipeline] }
[Pipeline] {
[Pipeline] }
[Pipeline] {
[Pipeline] }
[Pipeline] {
[Pipeline] }
[Pipeline] {
[Pipeline] }
[Pipeline] {
[Pipeline] }
[Pipeline] {
[Pipeline] }
[Pipeline] {
[Pipeline] }
[Pipeline] {
[Pipeline] }
[Pipeline] {
[Pipeline] }
[Pipeline] {
[Pipeline] }
[Pipeline] {
[Pipeline] ansiColor
[Pipeline] {

[Pipeline] echo
[26-09-17 04:04] [34mINFO: Bucket DQ Tab current status: RUNNING (12 minutes, 13.369 seconds)[0m
[Pipeline] }

[Pipeline] // ansiColor
[Pipeline] echo
Triggered job url (DQ Tab): http://iaqajenkinsserver11.fyre.ibm.com:8080/job/Regression/job/DataQuality/job/DQTab/job/DQ_TAB_Regression/37/
[Pipeline] }
[Pipeline] {
[Pipeline] ansiColor
[Pipeline] {

[Pipeline] echo
[26-09-17 04:04] [34mINFO: Bucket Key Analysis current status: RUNNING (12 minutes, 13.242 seconds)[0m
[Pipeline] }

[Pipeline] // ansiColor
[Pipeline] echo
Triggered job url (Key Analysis): http://iaqajenkinsserver11.fyre.ibm.com:8080/job/Regression/job/MDE_KeyAnalysis/job/KeyAnalysis_APIAutomation/job/KeyAnalysis_FVTBucket_CP4D/401/
[Pipeline] }
[Pipeline] {
[Pipeline] }
[Pipeline] {
[Pipeline] }
[Pipeline] {
[Pipeline] }
[Pipeline] {
[Pipeline] }
[Pipeline] {
[Pipeline] }
[Pipeline] {
[Pipeline] }
[Pipeline] {
[Pipeline] }
[Pipeline] {
[Pipeline] }
[Pipeline] {
[Pipeline] }
[Pipeline] {
[Pipeline] }
[Pipeline] {
[Pipeline] }
[Pipeline] {
[Pipeline] }
[Pipeline] {
[Pipeline] }
[Pipeline] {
[Pipeline] }
[Pipeline] {
[Pipeline] }
[Pipeline] {
[Pipeline] }
[Pipeline] {
[Pipeline] }
[Pipeline] {
[Pipeline] }
[Pipeline] {
[Pipeline] }
[Pipeline] {
[Pipeline] }
[Pipeline] {
[Pipeline] }
[Pipeline] {
[Pipeline] }
[Pipeline] {
[Pipeline] }
[Pipeline] {
[Pipeline] }
[Pipeline] {
[Pipeline] }
[Pipeline] {
[Pipeline] }
[Pipeline] {
[Pipeline] }
[Pipeline] {
[Pipeline] }
[Pipeline] {
[Pipeline] }
[Pipeline] {
[Pipeline] }
[Pipeline] {
[Pipeline] }
[Pipeline] {
[Pipeline] }
[Pipeline] {
[Pipeline] }
[Pipeline] {
[Pipeline] }
[Pipeline] {
[Pipeline] }
[Pipeline] {
[Pipeline] }
[Pipeline] {
[Pipeline] }
[Pipeline] {
[Pipeline] }
[Pipeline] {
[Pipeline] }
[Pipeline] {
[Pipeline] }
[Pipeline] {
[Pipeline] }
[Pipeline] {
[Pipeline] }
[Pipeline] {
[Pipeline] }
[Pipeline] {
[Pipeline] }
[Pipeline] {
[Pipeline] }
[Pipeline] {
[Pipeline] }
[Pipeline] {
[Pipeline] }
[Pipeline] {
[Pipeline] }
[Pipeline] {
[Pipeline] }
[Pipeline] {
[Pipeline] }
[Pipeline] {
[Pipeline] }
[Pipeline] {
[Pipeline] }
[Pipeline] {
[Pipeline] }
[Pipeline] {
[Pipeline] }
[Pipeline] {
[Pipeline] }
[Pipeline] {
[Pipeline] }
[Pipeline] {
[Pipeline] }
[Pipeline] {
[Pipeline] }
[Pipeline] {
[Pipeline] }
[Pipeline] {
[Pipeline] }
[Pipeline] {
[Pipeline] }
[Pipeline] {
[Pipeline] }
[Pipeline] {
[Pipeline] }
[Pipeline] {
[Pipeline] }
[Pipeline] {
[Pipeline] }
[Pipeline] {
[Pipeline] }
[Pipeline] {
[Pipeline] }
[Pipeline] {
[Pipeline] }
[Pipeline] {
[Pipeline] }
[Pipeline] {
[Pipeline] }
[Pipeline] {
[Pipeline] ansiColor
[Pipeline] {

[Pipeline] echo
[26-09-17 04:14] [34mINFO: Bucket DQ Tab current status: RUNNING (22 minutes, 14.830 seconds)[0m
[Pipeline] }

[Pipeline] // ansiColor
[Pipeline] echo
Triggered job url (DQ Tab): http://iaqajenkinsserver11.fyre.ibm.com:8080/job/Regression/job/DataQuality/job/DQTab/job/DQ_TAB_Regression/37/
[Pipeline] }
[Pipeline] {
[Pipeline] ansiColor
[Pipeline] {

[Pipeline] echo
[26-09-17 04:14] [34mINFO: Bucket Key Analysis current status: RUNNING (22 minutes, 16.035 seconds)[0m
[Pipeline] }

[Pipeline] // ansiColor
[Pipeline] echo
Triggered job url (Key Analysis): http://iaqajenkinsserver11.fyre.ibm.com:8080/job/Regression/job/MDE_KeyAnalysis/job/KeyAnalysis_APIAutomation/job/KeyAnalysis_FVTBucket_CP4D/401/
[Pipeline] }
[Pipeline] {
[Pipeline] }
[Pipeline] {
[Pipeline] }
[Pipeline] {
[Pipeline] }
[Pipeline] {
[Pipeline] }
[Pipeline] {
[Pipeline] }
[Pipeline] {
[Pipeline] }
[Pipeline] {
[Pipeline] }
[Pipeline] {
[Pipeline] }
[Pipeline] {
[Pipeline] }
[Pipeline] {
[Pipeline] }
[Pipeline] {
[Pipeline] }
[Pipeline] {
[Pipeline] }
[Pipeline] {
[Pipeline] }
[Pipeline] {
[Pipeline] }
[Pipeline] {
[Pipeline] }
[Pipeline] {
[Pipeline] }
[Pipeline] {
[Pipeline] }
[Pipeline] {
[Pipeline] }
[Pipeline] {
[Pipeline] }
[Pipeline] {
[Pipeline] }
[Pipeline] {
[Pipeline] }
[Pipeline] {
[Pipeline] }
[Pipeline] {
[Pipeline] }
[Pipeline] {
[Pipeline] }
[Pipeline] {
[Pipeline] }
[Pipeline] {
[Pipeline] }
[Pipeline] {
[Pipeline] }
[Pipeline] {
[Pipeline] }
[Pipeline] {
[Pipeline] }
[Pipeline] {
[Pipeline] }
[Pipeline] {
[Pipeline] }
[Pipeline] {
[Pipeline] }
[Pipeline] {
[Pipeline] }
[Pipeline] {
[Pipeline] }
[Pipeline] {
[Pipeline] }
[Pipeline] {
[Pipeline] }
[Pipeline] {
[Pipeline] }
[Pipeline] {
[Pipeline] }
[Pipeline] {
[Pipeline] }
[Pipeline] {
[Pipeline] }
[Pipeline] {
[Pipeline] }
[Pipeline] {
[Pipeline] }
[Pipeline] {
[Pipeline] }
[Pipeline] {
[Pipeline] }
[Pipeline] {
[Pipeline] }
[Pipeline] {
[Pipeline] }
[Pipeline] {
[Pipeline] }
[Pipeline] {
[Pipeline] }
[Pipeline] {
[Pipeline] }
[Pipeline] {
[Pipeline] }
[Pipeline] {
[Pipeline] }
[Pipeline] {
[Pipeline] }
[Pipeline] {
[Pipeline] }
[Pipeline] {
[Pipeline] }
[Pipeline] {
[Pipeline] }
[Pipeline] {
[Pipeline] }
[Pipeline] {
[Pipeline] }
[Pipeline] {
[Pipeline] }
[Pipeline] {
[Pipeline] }
[Pipeline] {
[Pipeline] }
[Pipeline] {
[Pipeline] }
[Pipeline] {
[Pipeline] }
[Pipeline] {
[Pipeline] }
[Pipeline] {
[Pipeline] }
[Pipeline] {
[Pipeline] }
[Pipeline] {
[Pipeline] }
[Pipeline] {
[Pipeline] }
[Pipeline] {
[Pipeline] }
[Pipeline] {
[Pipeline] }
[Pipeline] {
[Pipeline] }
[Pipeline] {
[Pipeline] ansiColor
[Pipeline] {

[Pipeline] echo
[26-09-17 04:24] [34mINFO: Bucket DQ Tab current status: RUNNING (32 minutes, 13.895 seconds)[0m
[Pipeline] }

[Pipeline] // ansiColor
[Pipeline] echo
Triggered job url (DQ Tab): http://iaqajenkinsserver11.fyre.ibm.com:8080/job/Regression/job/DataQuality/job/DQTab/job/DQ_TAB_Regression/37/
[Pipeline] }
[Pipeline] {
[Pipeline] ansiColor
[Pipeline] {

[Pipeline] echo
[26-09-17 04:24] [34mINFO: Bucket Key Analysis current status: RUNNING (32 minutes, 15.346 seconds)[0m
[Pipeline] }

[Pipeline] // ansiColor
[Pipeline] echo
Triggered job url (Key Analysis): http://iaqajenkinsserver11.fyre.ibm.com:8080/job/Regression/job/MDE_KeyAnalysis/job/KeyAnalysis_APIAutomation/job/KeyAnalysis_FVTBucket_CP4D/401/
[Pipeline] }
[Pipeline] {
[Pipeline] }
[Pipeline] {
[Pipeline] }
[Pipeline] {
[Pipeline] }
[Pipeline] {
[Pipeline] }
[Pipeline] {
[Pipeline] }
[Pipeline] {
[Pipeline] }
[Pipeline] {
[Pipeline] }
[Pipeline] {
[Pipeline] }
[Pipeline] {
[Pipeline] }
[Pipeline] {
[Pipeline] }
[Pipeline] {
[Pipeline] }
[Pipeline] {
[Pipeline] }
[Pipeline] {
[Pipeline] }
[Pipeline] {
[Pipeline] }
[Pipeline] {
[Pipeline] }
[Pipeline] {
[Pipeline] }
[Pipeline] {
[Pipeline] }
[Pipeline] {
[Pipeline] }
[Pipeline] {
[Pipeline] }
[Pipeline] {
[Pipeline] }
[Pipeline] {
[Pipeline] }
[Pipeline] {
[Pipeline] }
[Pipeline] {
[Pipeline] }
[Pipeline] {
[Pipeline] }
[Pipeline] {
[Pipeline] }
[Pipeline] {
[Pipeline] }
[Pipeline] {
[Pipeline] }
[Pipeline] {
[Pipeline] }
[Pipeline] {
[Pipeline] }
[Pipeline] {
[Pipeline] }
[Pipeline] {
[Pipeline] }
[Pipeline] {
[Pipeline] }
[Pipeline] {
[Pipeline] }
[Pipeline] {
[Pipeline] }
[Pipeline] {
[Pipeline] }
[Pipeline] {
[Pipeline] }
[Pipeline] {
[Pipeline] }
[Pipeline] {
[Pipeline] }
[Pipeline] {
[Pipeline] }
[Pipeline] {
[Pipeline] }
[Pipeline] {
[Pipeline] }
[Pipeline] {
[Pipeline] }
[Pipeline] {
[Pipeline] }
[Pipeline] {
[Pipeline] }
[Pipeline] {
[Pipeline] }
[Pipeline] {
[Pipeline] }
[Pipeline] {
[Pipeline] }
[Pipeline] {
[Pipeline] }
[Pipeline] {
[Pipeline] }
[Pipeline] {
[Pipeline] }
[Pipeline] {
[Pipeline] }
[Pipeline] {
[Pipeline] }
[Pipeline] {
[Pipeline] }
[Pipeline] {
[Pipeline] }
[Pipeline] {
[Pipeline] }
[Pipeline] {
[Pipeline] }
[Pipeline] {
[Pipeline] }
[Pipeline] {
[Pipeline] }
[Pipeline] {
[Pipeline] }
[Pipeline] {
[Pipeline] }
[Pipeline] {
[Pipeline] }
[Pipeline] {
[Pipeline] }
[Pipeline] {
[Pipeline] }
[Pipeline] {
[Pipeline] }
[Pipeline] {
[Pipeline] }
[Pipeline] {
[Pipeline] }
[Pipeline] {
[Pipeline] }
[Pipeline] {
[Pipeline] }
[Pipeline] {
[Pipeline] }
[Pipeline] {
[Pipeline] ansiColor
[Pipeline] {

[Pipeline] echo
[26-09-17 04:34] [34mINFO: Bucket Key Analysis current status: RUNNING (42 minutes, 1.547 seconds)[0m
[Pipeline] }

[Pipeline] // ansiColor
[Pipeline] echo
Triggered job url (Key Analysis): http://iaqajenkinsserver11.fyre.ibm.com:8080/job/Regression/job/MDE_KeyAnalysis/job/KeyAnalysis_APIAutomation/job/KeyAnalysis_FVTBucket_CP4D/401/
[Pipeline] }
[Pipeline] {
[Pipeline] ansiColor
[Pipeline] {

[Pipeline] echo
[26-09-17 04:34] [34mINFO: Bucket DQ Tab current status: RUNNING (42 minutes, 16.361 seconds)[0m
[Pipeline] }

[Pipeline] // ansiColor
[Pipeline] echo
Triggered job url (DQ Tab): http://iaqajenkinsserver11.fyre.ibm.com:8080/job/Regression/job/DataQuality/job/DQTab/job/DQ_TAB_Regression/37/
[Pipeline] }
[Pipeline] {
[Pipeline] }
[Pipeline] {
[Pipeline] }
[Pipeline] {
[Pipeline] }
[Pipeline] {
[Pipeline] }
[Pipeline] {
[Pipeline] }
[Pipeline] {
[Pipeline] }
[Pipeline] {
[Pipeline] }
[Pipeline] {
[Pipeline] }
[Pipeline] {
[Pipeline] }
[Pipeline] {
[Pipeline] }
[Pipeline] {
[Pipeline] }
[Pipeline] {
[Pipeline] }
[Pipeline] {
[Pipeline] }
[Pipeline] {
[Pipeline] }
[Pipeline] {
[Pipeline] }
[Pipeline] {
[Pipeline] }
[Pipeline] {
[Pipeline] }
[Pipeline] {
[Pipeline] }
[Pipeline] {
[Pipeline] }
[Pipeline] {
[Pipeline] }
[Pipeline] {
[Pipeline] }
[Pipeline] // waitUntil
[Pipeline] }
[Pipeline] // timeout
[Pipeline] }
[Pipeline] // withCredentials
[Pipeline] }
[Pipeline] // catchError
[Pipeline] load
[Pipeline] { (bucket/bucket_post.groovy)
[Pipeline] {
[Pipeline] }
[Pipeline] }
[Pipeline] // load
[Pipeline] ansiColor
[Pipeline] {

[Pipeline] echo
[26-09-17 04:37] [34mINFO: Key Analysis post starting[0m
[Pipeline] }

[Pipeline] // ansiColor
[Pipeline] catchError
[Pipeline] {
[Pipeline] load
[Pipeline] { (dashboard/bucket.groovy)
[Pipeline] }
[Pipeline] // load
[Pipeline] load
[Pipeline] { (dashboard/pipeline.groovy)
[Pipeline] }
[Pipeline] // load
[Pipeline] catchError
[Pipeline] {
[Pipeline] withCredentials
Masking supported pattern matches of $API_TOKEN
[Pipeline] {
[Pipeline] sh
Warning: A secret was passed to "sh" using Groovy String interpolation, which is insecure.
		 Affected argument(s) used the following variable(s): [API_TOKEN]
		 See https://jenkins.io/redirect/groovy-string-interpolation for details.
[Pipeline] readJSON
[Pipeline] readJSON
[Pipeline] sh
Warning: A secret was passed to "sh" using Groovy String interpolation, which is insecure.
		 Affected argument(s) used the following variable(s): [API_TOKEN]
		 See https://jenkins.io/redirect/groovy-string-interpolation for details.
[Pipeline] readJSON
[Pipeline] sh
[Pipeline] readJSON
[Pipeline] ansiColor
[Pipeline] {

[Pipeline] echo
[26-09-17 04:37] [34mINFO: Updated Dashboard Bucket 323091[0m
[Pipeline] }

[Pipeline] // ansiColor
[Pipeline] }
[Pipeline] // withCredentials
[Pipeline] }
[Pipeline] // catchError
[Pipeline] load
[Pipeline] { (robobug/robobug.groovy)
[Pipeline] {
[Pipeline] }
[Pipeline] }
[Pipeline] // load
[Pipeline] load
[Pipeline] { (robobug/close_issue.groovy)
[Pipeline] }
[Pipeline] // load
[Pipeline] build
Scheduling project: CloseGithubIssue
[Pipeline] ansiColor
[Pipeline] {

[Pipeline] echo
[26-09-17 04:37] [32mPASS: Key Analysis bucket passed[0m
[Pipeline] }

[Pipeline] // ansiColor
[Pipeline] }
[Pipeline] // catchError
[Pipeline] }
[Pipeline] // script
[Pipeline] }
[Pipeline] // stage
[Pipeline] }
[Pipeline] {
[Pipeline] }
[Pipeline] {
[Pipeline] }
[Pipeline] {
[Pipeline] }
[Pipeline] {
[Pipeline] }
[Pipeline] {
[Pipeline] }
[Pipeline] {
[Pipeline] }
[Pipeline] {
[Pipeline] }
[Pipeline] {
[Pipeline] }
[Pipeline] {
[Pipeline] }
[Pipeline] {
[Pipeline] }
[Pipeline] {
[Pipeline] }
[Pipeline] {
[Pipeline] }
[Pipeline] {
[Pipeline] }
[Pipeline] {
[Pipeline] }
[Pipeline] {
[Pipeline] }
[Pipeline] {
[Pipeline] }
[Pipeline] {
[Pipeline] }
[Pipeline] {
[Pipeline] }
[Pipeline] {
[Pipeline] }
[Pipeline] {
[Pipeline] }
[Pipeline] {
[Pipeline] }
[Pipeline] {
[Pipeline] }
[Pipeline] {
[Pipeline] ansiColor
[Pipeline] {

[Pipeline] echo
[26-09-17 04:44] [34mINFO: Bucket DQ Tab current status: RUNNING (52 minutes, 0.398 seconds)[0m
[Pipeline] }

[Pipeline] // ansiColor
[Pipeline] echo
Triggered job url (DQ Tab): http://iaqajenkinsserver11.fyre.ibm.com:8080/job/Regression/job/DataQuality/job/DQTab/job/DQ_TAB_Regression/37/
[Pipeline] }
[Pipeline] {
[Pipeline] }
[Pipeline] {
[Pipeline] }
[Pipeline] {
[Pipeline] }
[Pipeline] {
[Pipeline] }
[Pipeline] {
[Pipeline] }
[Pipeline] {
[Pipeline] }
[Pipeline] {
[Pipeline] }
[Pipeline] {
[Pipeline] }
[Pipeline] {
[Pipeline] }
[Pipeline] {
[Pipeline] }
[Pipeline] {
[Pipeline] }
[Pipeline] {
[Pipeline] }
[Pipeline] {
[Pipeline] }
[Pipeline] {
[Pipeline] }
[Pipeline] {
[Pipeline] }
[Pipeline] {
[Pipeline] }
[Pipeline] {
[Pipeline] }
[Pipeline] {
[Pipeline] }
[Pipeline] {
[Pipeline] }
[Pipeline] {
[Pipeline] }
[Pipeline] {
[Pipeline] }
[Pipeline] {
[Pipeline] }
[Pipeline] {
[Pipeline] }
[Pipeline] {
[Pipeline] }
[Pipeline] {
[Pipeline] }
[Pipeline] {
[Pipeline] }
[Pipeline] {
[Pipeline] }
[Pipeline] {
[Pipeline] }
[Pipeline] {
[Pipeline] }
[Pipeline] {
[Pipeline] }
[Pipeline] {
[Pipeline] }
[Pipeline] {
[Pipeline] }
[Pipeline] {
[Pipeline] }
[Pipeline] {
[Pipeline] }
[Pipeline] {
[Pipeline] }
[Pipeline] {
[Pipeline] ansiColor
[Pipeline] {

[Pipeline] echo
[26-09-17 04:54] [34mINFO: Bucket DQ Tab current status: RUNNING (1 hours, 2 minutes, 4.689 seconds)[0m
[Pipeline] }

[Pipeline] // ansiColor
[Pipeline] echo
Triggered job url (DQ Tab): http://iaqajenkinsserver11.fyre.ibm.com:8080/job/Regression/job/DataQuality/job/DQTab/job/DQ_TAB_Regression/37/
[Pipeline] }
[Pipeline] {
[Pipeline] }
[Pipeline] {
[Pipeline] }
[Pipeline] {
[Pipeline] }
[Pipeline] {
[Pipeline] }
[Pipeline] {
[Pipeline] }
[Pipeline] {
[Pipeline] }
[Pipeline] {
[Pipeline] }
[Pipeline] {
[Pipeline] }
[Pipeline] {
[Pipeline] }
[Pipeline] {
[Pipeline] }
[Pipeline] {
[Pipeline] }
[Pipeline] {
[Pipeline] }
[Pipeline] {
[Pipeline] }
[Pipeline] {
[Pipeline] }
[Pipeline] {
[Pipeline] }
[Pipeline] {
[Pipeline] }
[Pipeline] {
[Pipeline] }
[Pipeline] {
[Pipeline] }
[Pipeline] {
[Pipeline] }
[Pipeline] {
[Pipeline] }
[Pipeline] {
[Pipeline] }
[Pipeline] {
[Pipeline] }
[Pipeline] {
[Pipeline] }
[Pipeline] {
[Pipeline] }
[Pipeline] {
[Pipeline] }
[Pipeline] {
[Pipeline] }
[Pipeline] {
[Pipeline] }
[Pipeline] {
[Pipeline] }
[Pipeline] {
[Pipeline] }
[Pipeline] {
[Pipeline] }
[Pipeline] {
[Pipeline] }
[Pipeline] {
[Pipeline] }
[Pipeline] {
[Pipeline] }
[Pipeline] {
[Pipeline] }
[Pipeline] {
[Pipeline] }
[Pipeline] {
[Pipeline] ansiColor
[Pipeline] {

[Pipeline] echo
[26-09-17 05:04] [34mINFO: Bucket DQ Tab current status: RUNNING (1 hours, 12 minutes, 5.631 seconds)[0m
[Pipeline] }

[Pipeline] // ansiColor
[Pipeline] echo
Triggered job url (DQ Tab): http://iaqajenkinsserver11.fyre.ibm.com:8080/job/Regression/job/DataQuality/job/DQTab/job/DQ_TAB_Regression/37/
[Pipeline] }
[Pipeline] {
[Pipeline] }
[Pipeline] {
[Pipeline] }
[Pipeline] {
[Pipeline] }
[Pipeline] {
[Pipeline] }
[Pipeline] {
[Pipeline] }
[Pipeline] {
[Pipeline] }
[Pipeline] {
[Pipeline] }
[Pipeline] // waitUntil
[Pipeline] sh
Warning: A secret was passed to "sh" using Groovy String interpolation, which is insecure.
		 Affected argument(s) used the following variable(s): [API_TOKEN]
		 See https://jenkins.io/redirect/groovy-string-interpolation for details.
WARNING: Unknown parameter(s) found for class type 'org.jenkinsci.plugins.workflow.steps.durable_task.ShellStep': env

[Pipeline] ansiColor
[Pipeline] {

[Pipeline] echo
[26-09-17 05:06] [31mERROR: Exception while fetching console output from http://iaqajenkinsserver11.fyre.ibm.com:8080/job/Regression/job/DataQuality/job/DQTab/job/DQ_TAB_Regression/37/: script returned exit code 6[0m
[Pipeline] }

[Pipeline] // ansiColor
[Pipeline] }
[Pipeline] // timeout
[Pipeline] }
[Pipeline] // withCredentials
[Pipeline] }
[Pipeline] // catchError
[Pipeline] load
[Pipeline] { (bucket/bucket_post.groovy)
[Pipeline] }
[Pipeline] // load
[Pipeline] ansiColor
[Pipeline] {

[Pipeline] echo
[26-09-17 05:06] [34mINFO: DQ Tab post starting[0m
[Pipeline] }

[Pipeline] // ansiColor
[Pipeline] catchError
[Pipeline] {
[Pipeline] load
[Pipeline] { (dashboard/bucket.groovy)
[Pipeline] }
[Pipeline] // load
[Pipeline] load
[Pipeline] { (dashboard/pipeline.groovy)
[Pipeline] }
[Pipeline] // load
[Pipeline] catchError
[Pipeline] {
[Pipeline] withCredentials
Masking supported pattern matches of $API_TOKEN
[Pipeline] {
[Pipeline] sh
Warning: A secret was passed to "sh" using Groovy String interpolation, which is insecure.
		 Affected argument(s) used the following variable(s): [API_TOKEN]
		 See https://jenkins.io/redirect/groovy-string-interpolation for details.
[Pipeline] readJSON
[Pipeline] readJSON
[Pipeline] sh
Warning: A secret was passed to "sh" using Groovy String interpolation, which is insecure.
		 Affected argument(s) used the following variable(s): [API_TOKEN]
		 See https://jenkins.io/redirect/groovy-string-interpolation for details.
[Pipeline] readJSON
[Pipeline] ansiColor
[Pipeline] {

[Pipeline] echo
[26-09-17 05:06] [33mWARN: Could not get Test Report info for DQ Tab[0m
[Pipeline] }

[Pipeline] // ansiColor
[Pipeline] sh
[Pipeline] readJSON
[Pipeline] ansiColor
[Pipeline] {

[Pipeline] echo
[26-09-17 05:06] [34mINFO: Updated Dashboard Bucket 323089[0m
[Pipeline] }

[Pipeline] // ansiColor
[Pipeline] }
[Pipeline] // withCredentials
[Pipeline] }
[Pipeline] // catchError
[Pipeline] ansiColor
[Pipeline] {

[Pipeline] echo
[26-09-17 05:06] [31mFAIL: DQ Tab bucket failed[0m
[Pipeline] }

[Pipeline] // ansiColor
[Pipeline] load
[Pipeline] { (robobug/robobug.groovy)
[Pipeline] }
[Pipeline] // load
[Pipeline] withCredentials
Masking supported pattern matches of $API_TOKEN
[Pipeline] {
[Pipeline] load
[Pipeline] { (robobug/create_issue.groovy)
[Pipeline] }
[Pipeline] // load
[Pipeline] load
[Pipeline] { (util/job_local_retry.groovy)
[Pipeline] }
[Pipeline] // load
[Pipeline] ansiColor
[Pipeline] {

[Pipeline] echo
[26-09-17 05:06] [34mINFO: Building local job OpenIssue, try #1[0m
[Pipeline] }

[Pipeline] // ansiColor
[Pipeline] build
Warning: A secret was passed to "build" using Groovy String interpolation, which is insecure.
		 Affected argument(s) used the following variable(s): [API_TOKEN]
		 See https://jenkins.io/redirect/groovy-string-interpolation for details.
Scheduling project: OpenIssue
The parameter 'JenkinsToken' did not have the type expected by OpenIssue. Converting to Password Parameter.
Starting building: OpenIssue #65090
Build OpenIssue DQ Tab-Ironwood-65090 completed: SUCCESS
Did you forget the `def` keyword? Script231 seems to be setting a field named gh_issue (to a value of type RunWrapper) which could lead to memory leaks or other issues.
Did you forget the `def` keyword? Script231 seems to be setting a field named buildResultIssue (to a value of type String) which could lead to memory leaks or other issues.
[Pipeline] echo
issue build result: SUCCESS
[Pipeline] copyArtifacts
Due to the Copy artifact compatibility mode, set as migration, the build can reach the project OpenIssue.
 But in Production mode, this will not be the case anymore.
 Please consider adding the CopyArtifactPermission on the project you want to copy.
Copied 1 artifact from "OpenIssue" build number 65090
[Pipeline] readProperties
[Pipeline] echo
updating bucket
[Pipeline] load
[Pipeline] { (dashboard/bucket.groovy)
[Pipeline] }
[Pipeline] // load
[Pipeline] load
[Pipeline] { (dashboard/pipeline.groovy)
[Pipeline] }
[Pipeline] // load
[Pipeline] catchError
[Pipeline] {
[Pipeline] ansiColor
[Pipeline] {

[Pipeline] echo
[26-09-17 05:10] [34mINFO: Adding issue [5.4.0/Patch 8/WKC] DQ Tab Bucket failed [Regression API Tests] https://github.ibm.com/wdp-gov/tracker/issues/377751 to Bucket Run[0m
[Pipeline] }

[Pipeline] // ansiColor
[Pipeline] sh
[Pipeline] }
[Pipeline] // catchError
[Pipeline] }
[Pipeline] // withCredentials
[Pipeline] error
[Pipeline] }
ERROR: DQ Tab failed with result: FAILURE
[Pipeline] // catchError
[Pipeline] }
[Pipeline] // script
[Pipeline] }
[Pipeline] // stage
[Pipeline] }
[Pipeline] // parallel
[Pipeline] }
[Pipeline] // script
[Pipeline] }
[Pipeline] // stage
[Pipeline] }
[Pipeline] // script
[Pipeline] }
[Pipeline] // stage
[Pipeline] stage
[Pipeline] { (Declarative: Post Actions)
[Pipeline] script
[Pipeline] {
[Pipeline] load
[Pipeline] { (helper/post.groovy)
[Pipeline] ansiColor
[Pipeline] {

[Pipeline] echo
[26-09-17 05:10] [34mINFO: Post Stage[0m
[Pipeline] }

[Pipeline] // ansiColor
Did you forget the `def` keyword? Script235 seems to be setting a field named bucket_summary (to a value of type LinkedHashMap) which could lead to memory leaks or other issues.
[Pipeline] ansiColor
[Pipeline] {

[Pipeline] echo
[26-09-17 05:10] [34mINFO: ---------- Bucket Summary ----------[0m
[26-09-17 05:10] [32mPASS: Knowledge Accelerators: SUCCESS[0m
[26-09-17 05:10] [32mPASS: Glossary: SUCCESS[0m
[26-09-17 05:10] [32mPASS: TGEN: SUCCESS[0m
[26-09-17 05:10] [32mPASS: Global Search: SUCCESS[0m
[26-09-17 05:10] [32mPASS: CAMS: SUCCESS[0m
[26-09-17 05:10] [32mPASS: Connectivity: SUCCESS[0m
[26-09-17 05:10] [32mPASS: Profiling: SUCCESS[0m
[26-09-17 05:10] [32mPASS: BI Data Service: SUCCESS[0m
[26-09-17 05:10] [32mPASS: Metadata Import: SUCCESS[0m
[26-09-17 05:10] [31mFAIL: DQ Rules: FAILURE[0m
[26-09-17 05:10] [32mPASS: MDE: SUCCESS[0m
[26-09-17 05:10] [31mFAIL: DPS: UNSTABLE[0m
[26-09-17 05:10] [31mFAIL: DQ Tab: FAILURE[0m
[26-09-17 05:10] [32mPASS: Key Analysis: SUCCESS[0m
[26-09-17 05:10] [34mINFO: ------------------------------------[0m
[Pipeline] }

[Pipeline] // ansiColor
[Pipeline] load
[Pipeline] { (dashboard/run.groovy)
[Pipeline] }
[Pipeline] // load
[Pipeline] load
[Pipeline] { (dashboard/pipeline.groovy)
[Pipeline] }
[Pipeline] // load
[Pipeline] catchError
[Pipeline] {
[Pipeline] sh
[Pipeline] ansiColor
[Pipeline] {

[Pipeline] echo
[26-09-17 05:12] [34mINFO: Updated Dashboard Run 56224[0m
[Pipeline] }

[Pipeline] // ansiColor
[Pipeline] }
[Pipeline] // catchError
[Pipeline] load
[Pipeline] { (robobug/diagnostics.groovy)
[Pipeline] }
[Pipeline] // load
[Pipeline] sh
[Pipeline] load
[Pipeline] { (robobug/diagnostics.groovy)
[Pipeline] }
[Pipeline] // load
[Pipeline] load
[Pipeline] { (util/job_local_retry.groovy)
[Pipeline] }
[Pipeline] // load
[Pipeline] ansiColor
[Pipeline] {

[Pipeline] echo
[26-09-17 05:12] [34mINFO: Building local job GetDiagnostics, try #1[0m
[Pipeline] }

[Pipeline] // ansiColor
[Pipeline] build
Scheduling project: GetDiagnostics
Starting building: GetDiagnostics #10574
Build GetDiagnostics Ironwood-10574 completed: FAILURE
[Pipeline] ansiColor
[Pipeline] {

[Pipeline] echo
[26-09-17 05:12] [31mERROR: Failed to upload Diagnostic file[0m
[Pipeline] }

[Pipeline] // ansiColor
[Pipeline] load
[Pipeline] { (scorecard/scorecard.groovy)
[Pipeline] }
[Pipeline] // load
[Pipeline] load
[Pipeline] { (scorecard/scorecard.groovy)
[Pipeline] }
[Pipeline] // load
[Pipeline] load
[Pipeline] { (util/job_local_retry.groovy)
[Pipeline] }
[Pipeline] // load
[Pipeline] ansiColor
[Pipeline] {

[Pipeline] echo
[26-09-17 05:12] [34mINFO: Building local job UpdateScorecard, try #1[0m
[Pipeline] }

[Pipeline] // ansiColor
[Pipeline] build
Scheduling project: UpdateScorecard
Starting building: UpdateScorecard #10262
Build UpdateScorecard CX 5.4.0 WKC-Regression-10262 completed: UNSTABLE
[Pipeline] }
[Pipeline] // load
[Pipeline] }
[Pipeline] // script
[Pipeline] }
[Pipeline] // stage
[Pipeline] }
[Pipeline] // withEnv
[Pipeline] }
[Pipeline] // node
[Pipeline] End of Pipeline
Finished: FAILURE
